Copyright 1986-2018 Xilinx, Inc. All Rights Reserved.
--------------------------------------------------------------------------------------------------------------------------------------------------------------------------------------------
| Tool Version : Vivado v.2018.2 (win64) Build 2258646 Thu Jun 14 20:03:12 MDT 2018
| Date         : Wed Sep  9 19:44:22 2026
| Host         : LAPTOP-D22V39SO running 64-bit major release  (build 9200)
| Command      : report_timing_summary -max_paths 10 -file cpu_top_timing_summary_routed.rpt -pb cpu_top_timing_summary_routed.pb -rpx cpu_top_timing_summary_routed.rpx -warn_on_violation
| Design       : cpu_top
| Device       : 7k70t-fbv676
| Speed File   : -1  PRODUCTION 1.12 2017-02-17
--------------------------------------------------------------------------------------------------------------------------------------------------------------------------------------------

Timing Summary Report

------------------------------------------------------------------------------------------------
| Timer Settings
| --------------
------------------------------------------------------------------------------------------------

  Enable Multi Corner Analysis               :  Yes
  Enable Pessimism Removal                   :  Yes
  Pessimism Removal Resolution               :  Nearest Common Node
  Enable Input Delay Default Clock           :  No
  Enable Preset / Clear Arcs                 :  No
  Disable Flight Delays                      :  No
  Ignore I/O Paths                           :  No
  Timing Early Launch at Borrowing Latches   :  false

  Corner  Analyze    Analyze    
  Name    Max Paths  Min Paths  
  ------  ---------  ---------  
  Slow    Yes        Yes        
  Fast    Yes        Yes        



check_timing report

Table of Contents
-----------------
1. checking no_clock
2. checking constant_clock
3. checking pulse_width_clock
4. checking unconstrained_internal_endpoints
5. checking no_input_delay
6. checking no_output_delay
7. checking multiple_clock
8. checking generated_clocks
9. checking loops
10. checking partial_input_delay
11. checking partial_output_delay
12. checking latch_loops

1. checking no_clock
--------------------
 There are 0 register/latch pins with no clock.


2. checking constant_clock
--------------------------
 There are 0 register/latch pins with constant_clock.


3. checking pulse_width_clock
-----------------------------
 There are 0 register/latch pins which need pulse_width check


4. checking unconstrained_internal_endpoints
--------------------------------------------
 There are 0 pins that are not constrained for maximum delay.

 There are 0 pins that are not constrained for maximum delay due to constant clock.


5. checking no_input_delay
--------------------------
 There is 1 input port with no input delay specified. (HIGH)

 There are 0 input ports with no input delay but user has a false path constraint.


6. checking no_output_delay
---------------------------
 There are 46 ports with no output delay specified. (HIGH)

 There are 0 ports with no output delay but user has a false path constraint

 There are 0 ports with no output delay but with a timing clock defined on it or propagating through it


7. checking multiple_clock
--------------------------
 There are 0 register/latch pins with multiple clocks.


8. checking generated_clocks
----------------------------
 There are 0 generated clocks that are not connected to a clock source.


9. checking loops
-----------------
 There are 0 combinational loops in the design.


10. checking partial_input_delay
--------------------------------
 There are 0 input ports with partial input delay specified.


11. checking partial_output_delay
---------------------------------
 There are 0 ports with partial output delay specified.


12. checking latch_loops
------------------------
 There are 0 combinational latch loops in the design through latch input



------------------------------------------------------------------------------------------------
| Design Timing Summary
| ---------------------
------------------------------------------------------------------------------------------------

    WNS(ns)      TNS(ns)  TNS Failing Endpoints  TNS Total Endpoints      WHS(ns)      THS(ns)  THS Failing Endpoints  THS Total Endpoints     WPWS(ns)     TPWS(ns)  TPWS Failing Endpoints  TPWS Total Endpoints  
    -------      -------  ---------------------  -------------------      -------      -------  ---------------------  -------------------     --------     --------  ----------------------  --------------------  
      3.342        0.000                      0                  303        0.231        0.000                      0                  303        4.600        0.000                       0                   160  


All user specified timing constraints are met.


------------------------------------------------------------------------------------------------
| Clock Summary
| -------------
------------------------------------------------------------------------------------------------

Clock  Waveform(ns)       Period(ns)      Frequency(MHz)
-----  ------------       ----------      --------------
clk    {0.000 5.000}      10.000          100.000         


------------------------------------------------------------------------------------------------
| Intra Clock Table
| -----------------
------------------------------------------------------------------------------------------------

Clock             WNS(ns)      TNS(ns)  TNS Failing Endpoints  TNS Total Endpoints      WHS(ns)      THS(ns)  THS Failing Endpoints  THS Total Endpoints     WPWS(ns)     TPWS(ns)  TPWS Failing Endpoints  TPWS Total Endpoints  
-----             -------      -------  ---------------------  -------------------      -------      -------  ---------------------  -------------------     --------     --------  ----------------------  --------------------  
clk                 3.342        0.000                      0                  303        0.231        0.000                      0                  303        4.600        0.000                       0                   160  


------------------------------------------------------------------------------------------------
| Inter Clock Table
| -----------------
------------------------------------------------------------------------------------------------

From Clock    To Clock          WNS(ns)      TNS(ns)  TNS Failing Endpoints  TNS Total Endpoints      WHS(ns)      THS(ns)  THS Failing Endpoints  THS Total Endpoints  
----------    --------          -------      -------  ---------------------  -------------------      -------      -------  ---------------------  -------------------  


------------------------------------------------------------------------------------------------
| Other Path Groups Table
| -----------------------
------------------------------------------------------------------------------------------------

Path Group    From Clock    To Clock          WNS(ns)      TNS(ns)  TNS Failing Endpoints  TNS Total Endpoints      WHS(ns)      THS(ns)  THS Failing Endpoints  THS Total Endpoints  
----------    ----------    --------          -------      -------  ---------------------  -------------------      -------      -------  ---------------------  -------------------  


------------------------------------------------------------------------------------------------
| Timing Details
| --------------
------------------------------------------------------------------------------------------------


---------------------------------------------------------------------------------------------------
From Clock:  clk
  To Clock:  clk

Setup :            0  Failing Endpoints,  Worst Slack        3.342ns,  Total Violation        0.000ns
Hold  :            0  Failing Endpoints,  Worst Slack        0.231ns,  Total Violation        0.000ns
PW    :            0  Failing Endpoints,  Worst Slack        4.600ns,  Total Violation        0.000ns
---------------------------------------------------------------------------------------------------


Max Delay Paths
--------------------------------------------------------------------------------------
Slack (MET) :             3.342ns  (required time - arrival time)
  Source:                 PC_UNIT/pc_reg[7]/C
                            (rising edge-triggered cell FDCE clocked by clk  {rise@0.000ns fall@5.000ns period=10.000ns})
  Destination:            RF_UNIT/registers_reg[10][10]/D
                            (rising edge-triggered cell FDCE clocked by clk  {rise@0.000ns fall@5.000ns period=10.000ns})
  Path Group:             clk
  Path Type:              Setup (Max at Slow Process Corner)
  Requirement:            10.000ns  (clk rise@10.000ns - clk rise@0.000ns)
  Data Path Delay:        6.587ns  (logic 1.498ns (22.743%)  route 5.089ns (77.257%))
  Logic Levels:           10  (CARRY4=3 LUT2=1 LUT3=1 LUT4=1 LUT5=2 LUT6=2)
  Clock Path Skew:        -0.043ns (DCD - SCD + CPR)
    Destination Clock Delay (DCD):    4.450ns = ( 14.450 - 10.000 ) 
    Source Clock Delay      (SCD):    4.760ns
    Clock Pessimism Removal (CPR):    0.267ns
  Clock Uncertainty:      0.035ns  ((TSJ^2 + TIJ^2)^1/2 + DJ) / 2 + PE
    Total System Jitter     (TSJ):    0.071ns
    Total Input Jitter      (TIJ):    0.000ns
    Discrete Jitter          (DJ):    0.000ns
    Phase Error              (PE):    0.000ns

    Location             Delay type                Incr(ns)  Path(ns)    Netlist Resource(s)
  -------------------------------------------------------------------    -------------------
                         (clock clk rise edge)        0.000     0.000 r  
    P23                                               0.000     0.000 r  clk (IN)
                         net (fo=0)                   0.000     0.000    clk
    P23                  IBUF (Prop_ibuf_I_O)         0.845     0.845 r  clk_IBUF_inst/O
                         net (fo=1, routed)           2.140     2.985    clk_IBUF
    BUFGCTRL_X0Y0        BUFG (Prop_bufg_I_O)         0.120     3.105 r  clk_IBUF_BUFG_inst/O
                         net (fo=159, routed)         1.655     4.760    PC_UNIT/CLK
    SLICE_X0Y41          FDCE                                         r  PC_UNIT/pc_reg[7]/C
  -------------------------------------------------------------------    -------------------
    SLICE_X0Y41          FDCE (Prop_fdce_C_Q)         0.269     5.029 f  PC_UNIT/pc_reg[7]/Q
                         net (fo=3, routed)           0.612     5.642    PC_UNIT/out[6]
    SLICE_X1Y41          LUT5 (Prop_lut5_I1_O)        0.053     5.695 r  PC_UNIT/instruction_out_OBUF[14]_inst_i_2/O
                         net (fo=23, routed)          0.911     6.606    PC_UNIT/instruction_out_OBUF[14]_inst_i_2_n_0
    SLICE_X0Y27          LUT4 (Prop_lut4_I2_O)        0.062     6.668 r  PC_UNIT/instruction_out_OBUF[8]_inst_i_1/O
                         net (fo=59, routed)          0.748     7.416    RF_UNIT/instruction_out_OBUF[0]
    SLICE_X6Y22          LUT6 (Prop_lut6_I4_O)        0.165     7.581 f  RF_UNIT/alu_result_out_OBUF[1]_inst_i_5/O
                         net (fo=1, routed)           0.549     8.130    PC_UNIT/registers_reg[11][1]
    SLICE_X5Y22          LUT5 (Prop_lut5_I0_O)        0.053     8.183 r  PC_UNIT/alu_result_out_OBUF[1]_inst_i_2/O
                         net (fo=8, routed)           0.483     8.666    PC_UNIT/alu_result_out_OBUF[1]_inst_i_2_n_0
    SLICE_X2Y21          LUT2 (Prop_lut2_I0_O)        0.053     8.719 r  PC_UNIT/alu_result0_carry_i_7/O
                         net (fo=1, routed)           0.000     8.719    ALU_UNIT/S[1]
    SLICE_X2Y21          CARRY4 (Prop_carry4_S[1]_CO[3])
                                                      0.310     9.029 r  ALU_UNIT/alu_result0_carry/CO[3]
                         net (fo=1, routed)           0.000     9.029    ALU_UNIT/alu_result0_carry_n_0
    SLICE_X2Y22          CARRY4 (Prop_carry4_CI_CO[3])
                                                      0.060     9.089 r  ALU_UNIT/alu_result0_carry__0/CO[3]
                         net (fo=1, routed)           0.000     9.089    ALU_UNIT/alu_result0_carry__0_n_0
    SLICE_X2Y23          CARRY4 (Prop_carry4_CI_O[2])
                                                      0.137     9.226 r  ALU_UNIT/alu_result0_carry__1/O[2]
                         net (fo=1, routed)           0.661     9.887    ALU_UNIT/data0[10]
    SLICE_X4Y23          LUT3 (Prop_lut3_I2_O)        0.167    10.054 r  ALU_UNIT/alu_result_out_OBUF[10]_inst_i_4/O
                         net (fo=2, routed)           0.363    10.417    PC_UNIT/pc_reg[2]_7
    SLICE_X4Y25          LUT6 (Prop_lut6_I5_O)        0.169    10.586 r  PC_UNIT/registers[1][10]_i_1/O
                         net (fo=9, routed)           0.761    11.347    RF_UNIT/D[10]
    SLICE_X6Y25          FDCE                                         r  RF_UNIT/registers_reg[10][10]/D
  -------------------------------------------------------------------    -------------------

                         (clock clk rise edge)       10.000    10.000 r  
    P23                                               0.000    10.000 r  clk (IN)
                         net (fo=0)                   0.000    10.000    clk
    P23                  IBUF (Prop_ibuf_I_O)         0.769    10.769 r  clk_IBUF_inst/O
                         net (fo=1, routed)           2.040    12.809    clk_IBUF
    BUFGCTRL_X0Y0        BUFG (Prop_bufg_I_O)         0.113    12.922 r  clk_IBUF_BUFG_inst/O
                         net (fo=159, routed)         1.528    14.450    RF_UNIT/CLK
    SLICE_X6Y25          FDCE                                         r  RF_UNIT/registers_reg[10][10]/C
                         clock pessimism              0.267    14.717    
                         clock uncertainty           -0.035    14.682    
    SLICE_X6Y25          FDCE (Setup_fdce_C_D)        0.007    14.689    RF_UNIT/registers_reg[10][10]
  -------------------------------------------------------------------
                         required time                         14.689    
                         arrival time                         -11.347    
  -------------------------------------------------------------------
                         slack                                  3.342    

Slack (MET) :             3.482ns  (required time - arrival time)
  Source:                 PC_UNIT/pc_reg[7]/C
                            (rising edge-triggered cell FDCE clocked by clk  {rise@0.000ns fall@5.000ns period=10.000ns})
  Destination:            RF_UNIT/registers_reg[7][7]/D
                            (rising edge-triggered cell FDCE clocked by clk  {rise@0.000ns fall@5.000ns period=10.000ns})
  Path Group:             clk
  Path Type:              Setup (Max at Slow Process Corner)
  Requirement:            10.000ns  (clk rise@10.000ns - clk rise@0.000ns)
  Data Path Delay:        6.409ns  (logic 1.353ns (21.112%)  route 5.056ns (78.888%))
  Logic Levels:           9  (CARRY4=2 LUT2=1 LUT3=1 LUT4=1 LUT5=2 LUT6=2)
  Clock Path Skew:        -0.040ns (DCD - SCD + CPR)
    Destination Clock Delay (DCD):    4.453ns = ( 14.453 - 10.000 ) 
    Source Clock Delay      (SCD):    4.760ns
    Clock Pessimism Removal (CPR):    0.267ns
  Clock Uncertainty:      0.035ns  ((TSJ^2 + TIJ^2)^1/2 + DJ) / 2 + PE
    Total System Jitter     (TSJ):    0.071ns
    Total Input Jitter      (TIJ):    0.000ns
    Discrete Jitter          (DJ):    0.000ns
    Phase Error              (PE):    0.000ns

    Location             Delay type                Incr(ns)  Path(ns)    Netlist Resource(s)
  -------------------------------------------------------------------    -------------------
                         (clock clk rise edge)        0.000     0.000 r  
    P23                                               0.000     0.000 r  clk (IN)
                         net (fo=0)                   0.000     0.000    clk
    P23                  IBUF (Prop_ibuf_I_O)         0.845     0.845 r  clk_IBUF_inst/O
                         net (fo=1, routed)           2.140     2.985    clk_IBUF
    BUFGCTRL_X0Y0        BUFG (Prop_bufg_I_O)         0.120     3.105 r  clk_IBUF_BUFG_inst/O
                         net (fo=159, routed)         1.655     4.760    PC_UNIT/CLK
    SLICE_X0Y41          FDCE                                         r  PC_UNIT/pc_reg[7]/C
  -------------------------------------------------------------------    -------------------
    SLICE_X0Y41          FDCE (Prop_fdce_C_Q)         0.269     5.029 f  PC_UNIT/pc_reg[7]/Q
                         net (fo=3, routed)           0.612     5.642    PC_UNIT/out[6]
    SLICE_X1Y41          LUT5 (Prop_lut5_I1_O)        0.053     5.695 r  PC_UNIT/instruction_out_OBUF[14]_inst_i_2/O
                         net (fo=23, routed)          0.911     6.606    PC_UNIT/instruction_out_OBUF[14]_inst_i_2_n_0
    SLICE_X0Y27          LUT4 (Prop_lut4_I2_O)        0.062     6.668 r  PC_UNIT/instruction_out_OBUF[8]_inst_i_1/O
                         net (fo=59, routed)          0.748     7.416    RF_UNIT/instruction_out_OBUF[0]
    SLICE_X6Y22          LUT6 (Prop_lut6_I4_O)        0.165     7.581 f  RF_UNIT/alu_result_out_OBUF[1]_inst_i_5/O
                         net (fo=1, routed)           0.549     8.130    PC_UNIT/registers_reg[11][1]
    SLICE_X5Y22          LUT5 (Prop_lut5_I0_O)        0.053     8.183 r  PC_UNIT/alu_result_out_OBUF[1]_inst_i_2/O
                         net (fo=8, routed)           0.466     8.649    PC_UNIT/alu_result_out_OBUF[1]_inst_i_2_n_0
    SLICE_X3Y21          LUT2 (Prop_lut2_I0_O)        0.053     8.702 r  PC_UNIT/alu_result0__45_carry_i_7/O
                         net (fo=1, routed)           0.000     8.702    ALU_UNIT/registers_reg[11][3][1]
    SLICE_X3Y21          CARRY4 (Prop_carry4_S[1]_CO[3])
                                                      0.324     9.026 r  ALU_UNIT/alu_result0__45_carry/CO[3]
                         net (fo=1, routed)           0.000     9.026    ALU_UNIT/alu_result0__45_carry_n_0
    SLICE_X3Y22          CARRY4 (Prop_carry4_CI_O[3])
                                                      0.179     9.205 r  ALU_UNIT/alu_result0__45_carry__0/O[3]
                         net (fo=1, routed)           0.709     9.914    ALU_UNIT/data1[7]
    SLICE_X4Y23          LUT3 (Prop_lut3_I0_O)        0.142    10.056 r  ALU_UNIT/alu_result_out_OBUF[7]_inst_i_4/O
                         net (fo=2, routed)           0.449    10.505    PC_UNIT/pc_reg[2]_2
    SLICE_X5Y23          LUT6 (Prop_lut6_I5_O)        0.053    10.558 r  PC_UNIT/registers[1][7]_i_1/O
                         net (fo=9, routed)           0.611    11.169    RF_UNIT/D[7]
    SLICE_X7Y27          FDCE                                         r  RF_UNIT/registers_reg[7][7]/D
  -------------------------------------------------------------------    -------------------

                         (clock clk rise edge)       10.000    10.000 r  
    P23                                               0.000    10.000 r  clk (IN)
                         net (fo=0)                   0.000    10.000    clk
    P23                  IBUF (Prop_ibuf_I_O)         0.769    10.769 r  clk_IBUF_inst/O
                         net (fo=1, routed)           2.040    12.809    clk_IBUF
    BUFGCTRL_X0Y0        BUFG (Prop_bufg_I_O)         0.113    12.922 r  clk_IBUF_BUFG_inst/O
                         net (fo=159, routed)         1.531    14.453    RF_UNIT/CLK
    SLICE_X7Y27          FDCE                                         r  RF_UNIT/registers_reg[7][7]/C
                         clock pessimism              0.267    14.720    
                         clock uncertainty           -0.035    14.685    
    SLICE_X7Y27          FDCE (Setup_fdce_C_D)       -0.034    14.651    RF_UNIT/registers_reg[7][7]
  -------------------------------------------------------------------
                         required time                         14.651    
                         arrival time                         -11.169    
  -------------------------------------------------------------------
                         slack                                  3.482    

Slack (MET) :             3.484ns  (required time - arrival time)
  Source:                 PC_UNIT/pc_reg[7]/C
                            (rising edge-triggered cell FDCE clocked by clk  {rise@0.000ns fall@5.000ns period=10.000ns})
  Destination:            RF_UNIT/registers_reg[5][15]/D
                            (rising edge-triggered cell FDCE clocked by clk  {rise@0.000ns fall@5.000ns period=10.000ns})
  Path Group:             clk
  Path Type:              Setup (Max at Slow Process Corner)
  Requirement:            10.000ns  (clk rise@10.000ns - clk rise@0.000ns)
  Data Path Delay:        6.429ns  (logic 1.589ns (24.717%)  route 4.840ns (75.283%))
  Logic Levels:           11  (CARRY4=4 LUT2=1 LUT3=1 LUT4=1 LUT5=2 LUT6=2)
  Clock Path Skew:        -0.043ns (DCD - SCD + CPR)
    Destination Clock Delay (DCD):    4.450ns = ( 14.450 - 10.000 ) 
    Source Clock Delay      (SCD):    4.760ns
    Clock Pessimism Removal (CPR):    0.267ns
  Clock Uncertainty:      0.035ns  ((TSJ^2 + TIJ^2)^1/2 + DJ) / 2 + PE
    Total System Jitter     (TSJ):    0.071ns
    Total Input Jitter      (TIJ):    0.000ns
    Discrete Jitter          (DJ):    0.000ns
    Phase Error              (PE):    0.000ns

    Location             Delay type                Incr(ns)  Path(ns)    Netlist Resource(s)
  -------------------------------------------------------------------    -------------------
                         (clock clk rise edge)        0.000     0.000 r  
    P23                                               0.000     0.000 r  clk (IN)
                         net (fo=0)                   0.000     0.000    clk
    P23                  IBUF (Prop_ibuf_I_O)         0.845     0.845 r  clk_IBUF_inst/O
                         net (fo=1, routed)           2.140     2.985    clk_IBUF
    BUFGCTRL_X0Y0        BUFG (Prop_bufg_I_O)         0.120     3.105 r  clk_IBUF_BUFG_inst/O
                         net (fo=159, routed)         1.655     4.760    PC_UNIT/CLK
    SLICE_X0Y41          FDCE                                         r  PC_UNIT/pc_reg[7]/C
  -------------------------------------------------------------------    -------------------
    SLICE_X0Y41          FDCE (Prop_fdce_C_Q)         0.269     5.029 f  PC_UNIT/pc_reg[7]/Q
                         net (fo=3, routed)           0.612     5.642    PC_UNIT/out[6]
    SLICE_X1Y41          LUT5 (Prop_lut5_I1_O)        0.053     5.695 r  PC_UNIT/instruction_out_OBUF[14]_inst_i_2/O
                         net (fo=23, routed)          0.911     6.606    PC_UNIT/instruction_out_OBUF[14]_inst_i_2_n_0
    SLICE_X0Y27          LUT4 (Prop_lut4_I2_O)        0.062     6.668 r  PC_UNIT/instruction_out_OBUF[8]_inst_i_1/O
                         net (fo=59, routed)          0.748     7.416    RF_UNIT/instruction_out_OBUF[0]
    SLICE_X6Y22          LUT6 (Prop_lut6_I4_O)        0.165     7.581 f  RF_UNIT/alu_result_out_OBUF[1]_inst_i_5/O
                         net (fo=1, routed)           0.549     8.130    PC_UNIT/registers_reg[11][1]
    SLICE_X5Y22          LUT5 (Prop_lut5_I0_O)        0.053     8.183 r  PC_UNIT/alu_result_out_OBUF[1]_inst_i_2/O
                         net (fo=8, routed)           0.483     8.666    PC_UNIT/alu_result_out_OBUF[1]_inst_i_2_n_0
    SLICE_X2Y21          LUT2 (Prop_lut2_I0_O)        0.053     8.719 r  PC_UNIT/alu_result0_carry_i_7/O
                         net (fo=1, routed)           0.000     8.719    ALU_UNIT/S[1]
    SLICE_X2Y21          CARRY4 (Prop_carry4_S[1]_CO[3])
                                                      0.310     9.029 r  ALU_UNIT/alu_result0_carry/CO[3]
                         net (fo=1, routed)           0.000     9.029    ALU_UNIT/alu_result0_carry_n_0
    SLICE_X2Y22          CARRY4 (Prop_carry4_CI_CO[3])
                                                      0.060     9.089 r  ALU_UNIT/alu_result0_carry__0/CO[3]
                         net (fo=1, routed)           0.000     9.089    ALU_UNIT/alu_result0_carry__0_n_0
    SLICE_X2Y23          CARRY4 (Prop_carry4_CI_CO[3])
                                                      0.060     9.149 r  ALU_UNIT/alu_result0_carry__1/CO[3]
                         net (fo=1, routed)           0.000     9.149    ALU_UNIT/alu_result0_carry__1_n_0
    SLICE_X2Y24          CARRY4 (Prop_carry4_CI_O[3])
                                                      0.181     9.330 r  ALU_UNIT/alu_result0_carry__2/O[3]
                         net (fo=1, routed)           0.690    10.020    ALU_UNIT/data0[15]
    SLICE_X1Y24          LUT3 (Prop_lut3_I2_O)        0.153    10.173 r  ALU_UNIT/alu_result_out_OBUF[15]_inst_i_6/O
                         net (fo=2, routed)           0.286    10.459    PC_UNIT/pc_reg[2]_8
    SLICE_X2Y25          LUT6 (Prop_lut6_I5_O)        0.170    10.629 r  PC_UNIT/registers[1][15]_i_2/O
                         net (fo=9, routed)           0.560    11.189    RF_UNIT/D[15]
    SLICE_X6Y24          FDCE                                         r  RF_UNIT/registers_reg[5][15]/D
  -------------------------------------------------------------------    -------------------

                         (clock clk rise edge)       10.000    10.000 r  
    P23                                               0.000    10.000 r  clk (IN)
                         net (fo=0)                   0.000    10.000    clk
    P23                  IBUF (Prop_ibuf_I_O)         0.769    10.769 r  clk_IBUF_inst/O
                         net (fo=1, routed)           2.040    12.809    clk_IBUF
    BUFGCTRL_X0Y0        BUFG (Prop_bufg_I_O)         0.113    12.922 r  clk_IBUF_BUFG_inst/O
                         net (fo=159, routed)         1.528    14.450    RF_UNIT/CLK
    SLICE_X6Y24          FDCE                                         r  RF_UNIT/registers_reg[5][15]/C
                         clock pessimism              0.267    14.717    
                         clock uncertainty           -0.035    14.682    
    SLICE_X6Y24          FDCE (Setup_fdce_C_D)       -0.009    14.673    RF_UNIT/registers_reg[5][15]
  -------------------------------------------------------------------
                         required time                         14.673    
                         arrival time                         -11.189    
  -------------------------------------------------------------------
                         slack                                  3.484    

Slack (MET) :             3.499ns  (required time - arrival time)
  Source:                 PC_UNIT/pc_reg[7]/C
                            (rising edge-triggered cell FDCE clocked by clk  {rise@0.000ns fall@5.000ns period=10.000ns})
  Destination:            RF_UNIT/registers_reg[9][15]/D
                            (rising edge-triggered cell FDCE clocked by clk  {rise@0.000ns fall@5.000ns period=10.000ns})
  Path Group:             clk
  Path Type:              Setup (Max at Slow Process Corner)
  Requirement:            10.000ns  (clk rise@10.000ns - clk rise@0.000ns)
  Data Path Delay:        6.392ns  (logic 1.589ns (24.858%)  route 4.803ns (75.142%))
  Logic Levels:           11  (CARRY4=4 LUT2=1 LUT3=1 LUT4=1 LUT5=2 LUT6=2)
  Clock Path Skew:        -0.039ns (DCD - SCD + CPR)
    Destination Clock Delay (DCD):    4.454ns = ( 14.454 - 10.000 ) 
    Source Clock Delay      (SCD):    4.760ns
    Clock Pessimism Removal (CPR):    0.267ns
  Clock Uncertainty:      0.035ns  ((TSJ^2 + TIJ^2)^1/2 + DJ) / 2 + PE
    Total System Jitter     (TSJ):    0.071ns
    Total Input Jitter      (TIJ):    0.000ns
    Discrete Jitter          (DJ):    0.000ns
    Phase Error              (PE):    0.000ns

    Location             Delay type                Incr(ns)  Path(ns)    Netlist Resource(s)
  -------------------------------------------------------------------    -------------------
                         (clock clk rise edge)        0.000     0.000 r  
    P23                                               0.000     0.000 r  clk (IN)
                         net (fo=0)                   0.000     0.000    clk
    P23                  IBUF (Prop_ibuf_I_O)         0.845     0.845 r  clk_IBUF_inst/O
                         net (fo=1, routed)           2.140     2.985    clk_IBUF
    BUFGCTRL_X0Y0        BUFG (Prop_bufg_I_O)         0.120     3.105 r  clk_IBUF_BUFG_inst/O
                         net (fo=159, routed)         1.655     4.760    PC_UNIT/CLK
    SLICE_X0Y41          FDCE                                         r  PC_UNIT/pc_reg[7]/C
  -------------------------------------------------------------------    -------------------
    SLICE_X0Y41          FDCE (Prop_fdce_C_Q)         0.269     5.029 f  PC_UNIT/pc_reg[7]/Q
                         net (fo=3, routed)           0.612     5.642    PC_UNIT/out[6]
    SLICE_X1Y41          LUT5 (Prop_lut5_I1_O)        0.053     5.695 r  PC_UNIT/instruction_out_OBUF[14]_inst_i_2/O
                         net (fo=23, routed)          0.911     6.606    PC_UNIT/instruction_out_OBUF[14]_inst_i_2_n_0
    SLICE_X0Y27          LUT4 (Prop_lut4_I2_O)        0.062     6.668 r  PC_UNIT/instruction_out_OBUF[8]_inst_i_1/O
                         net (fo=59, routed)          0.748     7.416    RF_UNIT/instruction_out_OBUF[0]
    SLICE_X6Y22          LUT6 (Prop_lut6_I4_O)        0.165     7.581 f  RF_UNIT/alu_result_out_OBUF[1]_inst_i_5/O
                         net (fo=1, routed)           0.549     8.130    PC_UNIT/registers_reg[11][1]
    SLICE_X5Y22          LUT5 (Prop_lut5_I0_O)        0.053     8.183 r  PC_UNIT/alu_result_out_OBUF[1]_inst_i_2/O
                         net (fo=8, routed)           0.483     8.666    PC_UNIT/alu_result_out_OBUF[1]_inst_i_2_n_0
    SLICE_X2Y21          LUT2 (Prop_lut2_I0_O)        0.053     8.719 r  PC_UNIT/alu_result0_carry_i_7/O
                         net (fo=1, routed)           0.000     8.719    ALU_UNIT/S[1]
    SLICE_X2Y21          CARRY4 (Prop_carry4_S[1]_CO[3])
                                                      0.310     9.029 r  ALU_UNIT/alu_result0_carry/CO[3]
                         net (fo=1, routed)           0.000     9.029    ALU_UNIT/alu_result0_carry_n_0
    SLICE_X2Y22          CARRY4 (Prop_carry4_CI_CO[3])
                                                      0.060     9.089 r  ALU_UNIT/alu_result0_carry__0/CO[3]
                         net (fo=1, routed)           0.000     9.089    ALU_UNIT/alu_result0_carry__0_n_0
    SLICE_X2Y23          CARRY4 (Prop_carry4_CI_CO[3])
                                                      0.060     9.149 r  ALU_UNIT/alu_result0_carry__1/CO[3]
                         net (fo=1, routed)           0.000     9.149    ALU_UNIT/alu_result0_carry__1_n_0
    SLICE_X2Y24          CARRY4 (Prop_carry4_CI_O[3])
                                                      0.181     9.330 r  ALU_UNIT/alu_result0_carry__2/O[3]
                         net (fo=1, routed)           0.690    10.020    ALU_UNIT/data0[15]
    SLICE_X1Y24          LUT3 (Prop_lut3_I2_O)        0.153    10.173 r  ALU_UNIT/alu_result_out_OBUF[15]_inst_i_6/O
                         net (fo=2, routed)           0.286    10.459    PC_UNIT/pc_reg[2]_8
    SLICE_X2Y25          LUT6 (Prop_lut6_I5_O)        0.170    10.629 r  PC_UNIT/registers[1][15]_i_2/O
                         net (fo=9, routed)           0.523    11.152    RF_UNIT/D[15]
    SLICE_X7Y28          FDCE                                         r  RF_UNIT/registers_reg[9][15]/D
  -------------------------------------------------------------------    -------------------

                         (clock clk rise edge)       10.000    10.000 r  
    P23                                               0.000    10.000 r  clk (IN)
                         net (fo=0)                   0.000    10.000    clk
    P23                  IBUF (Prop_ibuf_I_O)         0.769    10.769 r  clk_IBUF_inst/O
                         net (fo=1, routed)           2.040    12.809    clk_IBUF
    BUFGCTRL_X0Y0        BUFG (Prop_bufg_I_O)         0.113    12.922 r  clk_IBUF_BUFG_inst/O
                         net (fo=159, routed)         1.532    14.454    RF_UNIT/CLK
    SLICE_X7Y28          FDCE                                         r  RF_UNIT/registers_reg[9][15]/C
                         clock pessimism              0.267    14.721    
                         clock uncertainty           -0.035    14.686    
    SLICE_X7Y28          FDCE (Setup_fdce_C_D)       -0.034    14.652    RF_UNIT/registers_reg[9][15]
  -------------------------------------------------------------------
                         required time                         14.652    
                         arrival time                         -11.152    
  -------------------------------------------------------------------
                         slack                                  3.499    

Slack (MET) :             3.550ns  (required time - arrival time)
  Source:                 PC_UNIT/pc_reg[7]/C
                            (rising edge-triggered cell FDCE clocked by clk  {rise@0.000ns fall@5.000ns period=10.000ns})
  Destination:            RF_UNIT/registers_reg[1][7]/D
                            (rising edge-triggered cell FDCE clocked by clk  {rise@0.000ns fall@5.000ns period=10.000ns})
  Path Group:             clk
  Path Type:              Setup (Max at Slow Process Corner)
  Requirement:            10.000ns  (clk rise@10.000ns - clk rise@0.000ns)
  Data Path Delay:        6.329ns  (logic 1.353ns (21.378%)  route 4.976ns (78.622%))
  Logic Levels:           9  (CARRY4=2 LUT2=1 LUT3=1 LUT4=1 LUT5=2 LUT6=2)
  Clock Path Skew:        -0.041ns (DCD - SCD + CPR)
    Destination Clock Delay (DCD):    4.452ns = ( 14.452 - 10.000 ) 
    Source Clock Delay      (SCD):    4.760ns
    Clock Pessimism Removal (CPR):    0.267ns
  Clock Uncertainty:      0.035ns  ((TSJ^2 + TIJ^2)^1/2 + DJ) / 2 + PE
    Total System Jitter     (TSJ):    0.071ns
    Total Input Jitter      (TIJ):    0.000ns
    Discrete Jitter          (DJ):    0.000ns
    Phase Error              (PE):    0.000ns

    Location             Delay type                Incr(ns)  Path(ns)    Netlist Resource(s)
  -------------------------------------------------------------------    -------------------
                         (clock clk rise edge)        0.000     0.000 r  
    P23                                               0.000     0.000 r  clk (IN)
                         net (fo=0)                   0.000     0.000    clk
    P23                  IBUF (Prop_ibuf_I_O)         0.845     0.845 r  clk_IBUF_inst/O
                         net (fo=1, routed)           2.140     2.985    clk_IBUF
    BUFGCTRL_X0Y0        BUFG (Prop_bufg_I_O)         0.120     3.105 r  clk_IBUF_BUFG_inst/O
                         net (fo=159, routed)         1.655     4.760    PC_UNIT/CLK
    SLICE_X0Y41          FDCE                                         r  PC_UNIT/pc_reg[7]/C
  -------------------------------------------------------------------    -------------------
    SLICE_X0Y41          FDCE (Prop_fdce_C_Q)         0.269     5.029 f  PC_UNIT/pc_reg[7]/Q
                         net (fo=3, routed)           0.612     5.642    PC_UNIT/out[6]
    SLICE_X1Y41          LUT5 (Prop_lut5_I1_O)        0.053     5.695 r  PC_UNIT/instruction_out_OBUF[14]_inst_i_2/O
                         net (fo=23, routed)          0.911     6.606    PC_UNIT/instruction_out_OBUF[14]_inst_i_2_n_0
    SLICE_X0Y27          LUT4 (Prop_lut4_I2_O)        0.062     6.668 r  PC_UNIT/instruction_out_OBUF[8]_inst_i_1/O
                         net (fo=59, routed)          0.748     7.416    RF_UNIT/instruction_out_OBUF[0]
    SLICE_X6Y22          LUT6 (Prop_lut6_I4_O)        0.165     7.581 f  RF_UNIT/alu_result_out_OBUF[1]_inst_i_5/O
                         net (fo=1, routed)           0.549     8.130    PC_UNIT/registers_reg[11][1]
    SLICE_X5Y22          LUT5 (Prop_lut5_I0_O)        0.053     8.183 r  PC_UNIT/alu_result_out_OBUF[1]_inst_i_2/O
                         net (fo=8, routed)           0.466     8.649    PC_UNIT/alu_result_out_OBUF[1]_inst_i_2_n_0
    SLICE_X3Y21          LUT2 (Prop_lut2_I0_O)        0.053     8.702 r  PC_UNIT/alu_result0__45_carry_i_7/O
                         net (fo=1, routed)           0.000     8.702    ALU_UNIT/registers_reg[11][3][1]
    SLICE_X3Y21          CARRY4 (Prop_carry4_S[1]_CO[3])
                                                      0.324     9.026 r  ALU_UNIT/alu_result0__45_carry/CO[3]
                         net (fo=1, routed)           0.000     9.026    ALU_UNIT/alu_result0__45_carry_n_0
    SLICE_X3Y22          CARRY4 (Prop_carry4_CI_O[3])
                                                      0.179     9.205 r  ALU_UNIT/alu_result0__45_carry__0/O[3]
                         net (fo=1, routed)           0.709     9.914    ALU_UNIT/data1[7]
    SLICE_X4Y23          LUT3 (Prop_lut3_I0_O)        0.142    10.056 r  ALU_UNIT/alu_result_out_OBUF[7]_inst_i_4/O
                         net (fo=2, routed)           0.449    10.505    PC_UNIT/pc_reg[2]_2
    SLICE_X5Y23          LUT6 (Prop_lut6_I5_O)        0.053    10.558 r  PC_UNIT/registers[1][7]_i_1/O
                         net (fo=9, routed)           0.531    11.089    RF_UNIT/D[7]
    SLICE_X7Y26          FDCE                                         r  RF_UNIT/registers_reg[1][7]/D
  -------------------------------------------------------------------    -------------------

                         (clock clk rise edge)       10.000    10.000 r  
    P23                                               0.000    10.000 r  clk (IN)
                         net (fo=0)                   0.000    10.000    clk
    P23                  IBUF (Prop_ibuf_I_O)         0.769    10.769 r  clk_IBUF_inst/O
                         net (fo=1, routed)           2.040    12.809    clk_IBUF
    BUFGCTRL_X0Y0        BUFG (Prop_bufg_I_O)         0.113    12.922 r  clk_IBUF_BUFG_inst/O
                         net (fo=159, routed)         1.530    14.452    RF_UNIT/CLK
    SLICE_X7Y26          FDCE                                         r  RF_UNIT/registers_reg[1][7]/C
                         clock pessimism              0.267    14.719    
                         clock uncertainty           -0.035    14.684    
    SLICE_X7Y26          FDCE (Setup_fdce_C_D)       -0.045    14.639    RF_UNIT/registers_reg[1][7]
  -------------------------------------------------------------------
                         required time                         14.639    
                         arrival time                         -11.089    
  -------------------------------------------------------------------
                         slack                                  3.550    

Slack (MET) :             3.561ns  (required time - arrival time)
  Source:                 PC_UNIT/pc_reg[7]/C
                            (rising edge-triggered cell FDCE clocked by clk  {rise@0.000ns fall@5.000ns period=10.000ns})
  Destination:            RF_UNIT/registers_reg[4][15]/D
                            (rising edge-triggered cell FDCE clocked by clk  {rise@0.000ns fall@5.000ns period=10.000ns})
  Path Group:             clk
  Path Type:              Setup (Max at Slow Process Corner)
  Requirement:            10.000ns  (clk rise@10.000ns - clk rise@0.000ns)
  Data Path Delay:        6.315ns  (logic 1.589ns (25.161%)  route 4.726ns (74.839%))
  Logic Levels:           11  (CARRY4=4 LUT2=1 LUT3=1 LUT4=1 LUT5=2 LUT6=2)
  Clock Path Skew:        -0.043ns (DCD - SCD + CPR)
    Destination Clock Delay (DCD):    4.450ns = ( 14.450 - 10.000 ) 
    Source Clock Delay      (SCD):    4.760ns
    Clock Pessimism Removal (CPR):    0.267ns
  Clock Uncertainty:      0.035ns  ((TSJ^2 + TIJ^2)^1/2 + DJ) / 2 + PE
    Total System Jitter     (TSJ):    0.071ns
    Total Input Jitter      (TIJ):    0.000ns
    Discrete Jitter          (DJ):    0.000ns
    Phase Error              (PE):    0.000ns

    Location             Delay type                Incr(ns)  Path(ns)    Netlist Resource(s)
  -------------------------------------------------------------------    -------------------
                         (clock clk rise edge)        0.000     0.000 r  
    P23                                               0.000     0.000 r  clk (IN)
                         net (fo=0)                   0.000     0.000    clk
    P23                  IBUF (Prop_ibuf_I_O)         0.845     0.845 r  clk_IBUF_inst/O
                         net (fo=1, routed)           2.140     2.985    clk_IBUF
    BUFGCTRL_X0Y0        BUFG (Prop_bufg_I_O)         0.120     3.105 r  clk_IBUF_BUFG_inst/O
                         net (fo=159, routed)         1.655     4.760    PC_UNIT/CLK
    SLICE_X0Y41          FDCE                                         r  PC_UNIT/pc_reg[7]/C
  -------------------------------------------------------------------    -------------------
    SLICE_X0Y41          FDCE (Prop_fdce_C_Q)         0.269     5.029 f  PC_UNIT/pc_reg[7]/Q
                         net (fo=3, routed)           0.612     5.642    PC_UNIT/out[6]
    SLICE_X1Y41          LUT5 (Prop_lut5_I1_O)        0.053     5.695 r  PC_UNIT/instruction_out_OBUF[14]_inst_i_2/O
                         net (fo=23, routed)          0.911     6.606    PC_UNIT/instruction_out_OBUF[14]_inst_i_2_n_0
    SLICE_X0Y27          LUT4 (Prop_lut4_I2_O)        0.062     6.668 r  PC_UNIT/instruction_out_OBUF[8]_inst_i_1/O
                         net (fo=59, routed)          0.748     7.416    RF_UNIT/instruction_out_OBUF[0]
    SLICE_X6Y22          LUT6 (Prop_lut6_I4_O)        0.165     7.581 f  RF_UNIT/alu_result_out_OBUF[1]_inst_i_5/O
                         net (fo=1, routed)           0.549     8.130    PC_UNIT/registers_reg[11][1]
    SLICE_X5Y22          LUT5 (Prop_lut5_I0_O)        0.053     8.183 r  PC_UNIT/alu_result_out_OBUF[1]_inst_i_2/O
                         net (fo=8, routed)           0.483     8.666    PC_UNIT/alu_result_out_OBUF[1]_inst_i_2_n_0
    SLICE_X2Y21          LUT2 (Prop_lut2_I0_O)        0.053     8.719 r  PC_UNIT/alu_result0_carry_i_7/O
                         net (fo=1, routed)           0.000     8.719    ALU_UNIT/S[1]
    SLICE_X2Y21          CARRY4 (Prop_carry4_S[1]_CO[3])
                                                      0.310     9.029 r  ALU_UNIT/alu_result0_carry/CO[3]
                         net (fo=1, routed)           0.000     9.029    ALU_UNIT/alu_result0_carry_n_0
    SLICE_X2Y22          CARRY4 (Prop_carry4_CI_CO[3])
                                                      0.060     9.089 r  ALU_UNIT/alu_result0_carry__0/CO[3]
                         net (fo=1, routed)           0.000     9.089    ALU_UNIT/alu_result0_carry__0_n_0
    SLICE_X2Y23          CARRY4 (Prop_carry4_CI_CO[3])
                                                      0.060     9.149 r  ALU_UNIT/alu_result0_carry__1/CO[3]
                         net (fo=1, routed)           0.000     9.149    ALU_UNIT/alu_result0_carry__1_n_0
    SLICE_X2Y24          CARRY4 (Prop_carry4_CI_O[3])
                                                      0.181     9.330 r  ALU_UNIT/alu_result0_carry__2/O[3]
                         net (fo=1, routed)           0.690    10.020    ALU_UNIT/data0[15]
    SLICE_X1Y24          LUT3 (Prop_lut3_I2_O)        0.153    10.173 r  ALU_UNIT/alu_result_out_OBUF[15]_inst_i_6/O
                         net (fo=2, routed)           0.286    10.459    PC_UNIT/pc_reg[2]_8
    SLICE_X2Y25          LUT6 (Prop_lut6_I5_O)        0.170    10.629 r  PC_UNIT/registers[1][15]_i_2/O
                         net (fo=9, routed)           0.446    11.075    RF_UNIT/D[15]
    SLICE_X7Y25          FDCE                                         r  RF_UNIT/registers_reg[4][15]/D
  -------------------------------------------------------------------    -------------------

                         (clock clk rise edge)       10.000    10.000 r  
    P23                                               0.000    10.000 r  clk (IN)
                         net (fo=0)                   0.000    10.000    clk
    P23                  IBUF (Prop_ibuf_I_O)         0.769    10.769 r  clk_IBUF_inst/O
                         net (fo=1, routed)           2.040    12.809    clk_IBUF
    BUFGCTRL_X0Y0        BUFG (Prop_bufg_I_O)         0.113    12.922 r  clk_IBUF_BUFG_inst/O
                         net (fo=159, routed)         1.528    14.450    RF_UNIT/CLK
    SLICE_X7Y25          FDCE                                         r  RF_UNIT/registers_reg[4][15]/C
                         clock pessimism              0.267    14.717    
                         clock uncertainty           -0.035    14.682    
    SLICE_X7Y25          FDCE (Setup_fdce_C_D)       -0.045    14.637    RF_UNIT/registers_reg[4][15]
  -------------------------------------------------------------------
                         required time                         14.637    
                         arrival time                         -11.075    
  -------------------------------------------------------------------
                         slack                                  3.561    

Slack (MET) :             3.567ns  (required time - arrival time)
  Source:                 PC_UNIT/pc_reg[7]/C
                            (rising edge-triggered cell FDCE clocked by clk  {rise@0.000ns fall@5.000ns period=10.000ns})
  Destination:            RF_UNIT/registers_reg[11][10]/D
                            (rising edge-triggered cell FDCE clocked by clk  {rise@0.000ns fall@5.000ns period=10.000ns})
  Path Group:             clk
  Path Type:              Setup (Max at Slow Process Corner)
  Requirement:            10.000ns  (clk rise@10.000ns - clk rise@0.000ns)
  Data Path Delay:        6.365ns  (logic 1.498ns (23.536%)  route 4.867ns (76.464%))
  Logic Levels:           10  (CARRY4=3 LUT2=1 LUT3=1 LUT4=1 LUT5=2 LUT6=2)
  Clock Path Skew:        -0.041ns (DCD - SCD + CPR)
    Destination Clock Delay (DCD):    4.452ns = ( 14.452 - 10.000 ) 
    Source Clock Delay      (SCD):    4.760ns
    Clock Pessimism Removal (CPR):    0.267ns
  Clock Uncertainty:      0.035ns  ((TSJ^2 + TIJ^2)^1/2 + DJ) / 2 + PE
    Total System Jitter     (TSJ):    0.071ns
    Total Input Jitter      (TIJ):    0.000ns
    Discrete Jitter          (DJ):    0.000ns
    Phase Error              (PE):    0.000ns

    Location             Delay type                Incr(ns)  Path(ns)    Netlist Resource(s)
  -------------------------------------------------------------------    -------------------
                         (clock clk rise edge)        0.000     0.000 r  
    P23                                               0.000     0.000 r  clk (IN)
                         net (fo=0)                   0.000     0.000    clk
    P23                  IBUF (Prop_ibuf_I_O)         0.845     0.845 r  clk_IBUF_inst/O
                         net (fo=1, routed)           2.140     2.985    clk_IBUF
    BUFGCTRL_X0Y0        BUFG (Prop_bufg_I_O)         0.120     3.105 r  clk_IBUF_BUFG_inst/O
                         net (fo=159, routed)         1.655     4.760    PC_UNIT/CLK
    SLICE_X0Y41          FDCE                                         r  PC_UNIT/pc_reg[7]/C
  -------------------------------------------------------------------    -------------------
    SLICE_X0Y41          FDCE (Prop_fdce_C_Q)         0.269     5.029 f  PC_UNIT/pc_reg[7]/Q
                         net (fo=3, routed)           0.612     5.642    PC_UNIT/out[6]
    SLICE_X1Y41          LUT5 (Prop_lut5_I1_O)        0.053     5.695 r  PC_UNIT/instruction_out_OBUF[14]_inst_i_2/O
                         net (fo=23, routed)          0.911     6.606    PC_UNIT/instruction_out_OBUF[14]_inst_i_2_n_0
    SLICE_X0Y27          LUT4 (Prop_lut4_I2_O)        0.062     6.668 r  PC_UNIT/instruction_out_OBUF[8]_inst_i_1/O
                         net (fo=59, routed)          0.748     7.416    RF_UNIT/instruction_out_OBUF[0]
    SLICE_X6Y22          LUT6 (Prop_lut6_I4_O)        0.165     7.581 f  RF_UNIT/alu_result_out_OBUF[1]_inst_i_5/O
                         net (fo=1, routed)           0.549     8.130    PC_UNIT/registers_reg[11][1]
    SLICE_X5Y22          LUT5 (Prop_lut5_I0_O)        0.053     8.183 r  PC_UNIT/alu_result_out_OBUF[1]_inst_i_2/O
                         net (fo=8, routed)           0.483     8.666    PC_UNIT/alu_result_out_OBUF[1]_inst_i_2_n_0
    SLICE_X2Y21          LUT2 (Prop_lut2_I0_O)        0.053     8.719 r  PC_UNIT/alu_result0_carry_i_7/O
                         net (fo=1, routed)           0.000     8.719    ALU_UNIT/S[1]
    SLICE_X2Y21          CARRY4 (Prop_carry4_S[1]_CO[3])
                                                      0.310     9.029 r  ALU_UNIT/alu_result0_carry/CO[3]
                         net (fo=1, routed)           0.000     9.029    ALU_UNIT/alu_result0_carry_n_0
    SLICE_X2Y22          CARRY4 (Prop_carry4_CI_CO[3])
                                                      0.060     9.089 r  ALU_UNIT/alu_result0_carry__0/CO[3]
                         net (fo=1, routed)           0.000     9.089    ALU_UNIT/alu_result0_carry__0_n_0
    SLICE_X2Y23          CARRY4 (Prop_carry4_CI_O[2])
                                                      0.137     9.226 r  ALU_UNIT/alu_result0_carry__1/O[2]
                         net (fo=1, routed)           0.661     9.887    ALU_UNIT/data0[10]
    SLICE_X4Y23          LUT3 (Prop_lut3_I2_O)        0.167    10.054 r  ALU_UNIT/alu_result_out_OBUF[10]_inst_i_4/O
                         net (fo=2, routed)           0.363    10.417    PC_UNIT/pc_reg[2]_7
    SLICE_X4Y25          LUT6 (Prop_lut6_I5_O)        0.169    10.586 r  PC_UNIT/registers[1][10]_i_1/O
                         net (fo=9, routed)           0.539    11.125    RF_UNIT/D[10]
    SLICE_X6Y26          FDCE                                         r  RF_UNIT/registers_reg[11][10]/D
  -------------------------------------------------------------------    -------------------

                         (clock clk rise edge)       10.000    10.000 r  
    P23                                               0.000    10.000 r  clk (IN)
                         net (fo=0)                   0.000    10.000    clk
    P23                  IBUF (Prop_ibuf_I_O)         0.769    10.769 r  clk_IBUF_inst/O
                         net (fo=1, routed)           2.040    12.809    clk_IBUF
    BUFGCTRL_X0Y0        BUFG (Prop_bufg_I_O)         0.113    12.922 r  clk_IBUF_BUFG_inst/O
                         net (fo=159, routed)         1.530    14.452    RF_UNIT/CLK
    SLICE_X6Y26          FDCE                                         r  RF_UNIT/registers_reg[11][10]/C
                         clock pessimism              0.267    14.719    
                         clock uncertainty           -0.035    14.684    
    SLICE_X6Y26          FDCE (Setup_fdce_C_D)        0.008    14.692    RF_UNIT/registers_reg[11][10]
  -------------------------------------------------------------------
                         required time                         14.692    
                         arrival time                         -11.125    
  -------------------------------------------------------------------
                         slack                                  3.567    

Slack (MET) :             3.567ns  (required time - arrival time)
  Source:                 PC_UNIT/pc_reg[7]/C
                            (rising edge-triggered cell FDCE clocked by clk  {rise@0.000ns fall@5.000ns period=10.000ns})
  Destination:            RF_UNIT/registers_reg[7][10]/D
                            (rising edge-triggered cell FDCE clocked by clk  {rise@0.000ns fall@5.000ns period=10.000ns})
  Path Group:             clk
  Path Type:              Setup (Max at Slow Process Corner)
  Requirement:            10.000ns  (clk rise@10.000ns - clk rise@0.000ns)
  Data Path Delay:        6.327ns  (logic 1.498ns (23.675%)  route 4.829ns (76.325%))
  Logic Levels:           10  (CARRY4=3 LUT2=1 LUT3=1 LUT4=1 LUT5=2 LUT6=2)
  Clock Path Skew:        -0.040ns (DCD - SCD + CPR)
    Destination Clock Delay (DCD):    4.453ns = ( 14.453 - 10.000 ) 
    Source Clock Delay      (SCD):    4.760ns
    Clock Pessimism Removal (CPR):    0.267ns
  Clock Uncertainty:      0.035ns  ((TSJ^2 + TIJ^2)^1/2 + DJ) / 2 + PE
    Total System Jitter     (TSJ):    0.071ns
    Total Input Jitter      (TIJ):    0.000ns
    Discrete Jitter          (DJ):    0.000ns
    Phase Error              (PE):    0.000ns

    Location             Delay type                Incr(ns)  Path(ns)    Netlist Resource(s)
  -------------------------------------------------------------------    -------------------
                         (clock clk rise edge)        0.000     0.000 r  
    P23                                               0.000     0.000 r  clk (IN)
                         net (fo=0)                   0.000     0.000    clk
    P23                  IBUF (Prop_ibuf_I_O)         0.845     0.845 r  clk_IBUF_inst/O
                         net (fo=1, routed)           2.140     2.985    clk_IBUF
    BUFGCTRL_X0Y0        BUFG (Prop_bufg_I_O)         0.120     3.105 r  clk_IBUF_BUFG_inst/O
                         net (fo=159, routed)         1.655     4.760    PC_UNIT/CLK
    SLICE_X0Y41          FDCE                                         r  PC_UNIT/pc_reg[7]/C
  -------------------------------------------------------------------    -------------------
    SLICE_X0Y41          FDCE (Prop_fdce_C_Q)         0.269     5.029 f  PC_UNIT/pc_reg[7]/Q
                         net (fo=3, routed)           0.612     5.642    PC_UNIT/out[6]
    SLICE_X1Y41          LUT5 (Prop_lut5_I1_O)        0.053     5.695 r  PC_UNIT/instruction_out_OBUF[14]_inst_i_2/O
                         net (fo=23, routed)          0.911     6.606    PC_UNIT/instruction_out_OBUF[14]_inst_i_2_n_0
    SLICE_X0Y27          LUT4 (Prop_lut4_I2_O)        0.062     6.668 r  PC_UNIT/instruction_out_OBUF[8]_inst_i_1/O
                         net (fo=59, routed)          0.748     7.416    RF_UNIT/instruction_out_OBUF[0]
    SLICE_X6Y22          LUT6 (Prop_lut6_I4_O)        0.165     7.581 f  RF_UNIT/alu_result_out_OBUF[1]_inst_i_5/O
                         net (fo=1, routed)           0.549     8.130    PC_UNIT/registers_reg[11][1]
    SLICE_X5Y22          LUT5 (Prop_lut5_I0_O)        0.053     8.183 r  PC_UNIT/alu_result_out_OBUF[1]_inst_i_2/O
                         net (fo=8, routed)           0.483     8.666    PC_UNIT/alu_result_out_OBUF[1]_inst_i_2_n_0
    SLICE_X2Y21          LUT2 (Prop_lut2_I0_O)        0.053     8.719 r  PC_UNIT/alu_result0_carry_i_7/O
                         net (fo=1, routed)           0.000     8.719    ALU_UNIT/S[1]
    SLICE_X2Y21          CARRY4 (Prop_carry4_S[1]_CO[3])
                                                      0.310     9.029 r  ALU_UNIT/alu_result0_carry/CO[3]
                         net (fo=1, routed)           0.000     9.029    ALU_UNIT/alu_result0_carry_n_0
    SLICE_X2Y22          CARRY4 (Prop_carry4_CI_CO[3])
                                                      0.060     9.089 r  ALU_UNIT/alu_result0_carry__0/CO[3]
                         net (fo=1, routed)           0.000     9.089    ALU_UNIT/alu_result0_carry__0_n_0
    SLICE_X2Y23          CARRY4 (Prop_carry4_CI_O[2])
                                                      0.137     9.226 r  ALU_UNIT/alu_result0_carry__1/O[2]
                         net (fo=1, routed)           0.661     9.887    ALU_UNIT/data0[10]
    SLICE_X4Y23          LUT3 (Prop_lut3_I2_O)        0.167    10.054 r  ALU_UNIT/alu_result_out_OBUF[10]_inst_i_4/O
                         net (fo=2, routed)           0.363    10.417    PC_UNIT/pc_reg[2]_7
    SLICE_X4Y25          LUT6 (Prop_lut6_I5_O)        0.169    10.586 r  PC_UNIT/registers[1][10]_i_1/O
                         net (fo=9, routed)           0.501    11.087    RF_UNIT/D[10]
    SLICE_X5Y27          FDCE                                         r  RF_UNIT/registers_reg[7][10]/D
  -------------------------------------------------------------------    -------------------

                         (clock clk rise edge)       10.000    10.000 r  
    P23                                               0.000    10.000 r  clk (IN)
                         net (fo=0)                   0.000    10.000    clk
    P23                  IBUF (Prop_ibuf_I_O)         0.769    10.769 r  clk_IBUF_inst/O
                         net (fo=1, routed)           2.040    12.809    clk_IBUF
    BUFGCTRL_X0Y0        BUFG (Prop_bufg_I_O)         0.113    12.922 r  clk_IBUF_BUFG_inst/O
                         net (fo=159, routed)         1.531    14.453    RF_UNIT/CLK
    SLICE_X5Y27          FDCE                                         r  RF_UNIT/registers_reg[7][10]/C
                         clock pessimism              0.267    14.720    
                         clock uncertainty           -0.035    14.685    
    SLICE_X5Y27          FDCE (Setup_fdce_C_D)       -0.030    14.655    RF_UNIT/registers_reg[7][10]
  -------------------------------------------------------------------
                         required time                         14.655    
                         arrival time                         -11.087    
  -------------------------------------------------------------------
                         slack                                  3.567    

Slack (MET) :             3.576ns  (required time - arrival time)
  Source:                 PC_UNIT/pc_reg[7]/C
                            (rising edge-triggered cell FDCE clocked by clk  {rise@0.000ns fall@5.000ns period=10.000ns})
  Destination:            RF_UNIT/registers_reg[6][7]/D
                            (rising edge-triggered cell FDCE clocked by clk  {rise@0.000ns fall@5.000ns period=10.000ns})
  Path Group:             clk
  Path Type:              Setup (Max at Slow Process Corner)
  Requirement:            10.000ns  (clk rise@10.000ns - clk rise@0.000ns)
  Data Path Delay:        6.342ns  (logic 1.353ns (21.335%)  route 4.989ns (78.665%))
  Logic Levels:           9  (CARRY4=2 LUT2=1 LUT3=1 LUT4=1 LUT5=2 LUT6=2)
  Clock Path Skew:        -0.040ns (DCD - SCD + CPR)
    Destination Clock Delay (DCD):    4.453ns = ( 14.453 - 10.000 ) 
    Source Clock Delay      (SCD):    4.760ns
    Clock Pessimism Removal (CPR):    0.267ns
  Clock Uncertainty:      0.035ns  ((TSJ^2 + TIJ^2)^1/2 + DJ) / 2 + PE
    Total System Jitter     (TSJ):    0.071ns
    Total Input Jitter      (TIJ):    0.000ns
    Discrete Jitter          (DJ):    0.000ns
    Phase Error              (PE):    0.000ns

    Location             Delay type                Incr(ns)  Path(ns)    Netlist Resource(s)
  -------------------------------------------------------------------    -------------------
                         (clock clk rise edge)        0.000     0.000 r  
    P23                                               0.000     0.000 r  clk (IN)
                         net (fo=0)                   0.000     0.000    clk
    P23                  IBUF (Prop_ibuf_I_O)         0.845     0.845 r  clk_IBUF_inst/O
                         net (fo=1, routed)           2.140     2.985    clk_IBUF
    BUFGCTRL_X0Y0        BUFG (Prop_bufg_I_O)         0.120     3.105 r  clk_IBUF_BUFG_inst/O
                         net (fo=159, routed)         1.655     4.760    PC_UNIT/CLK
    SLICE_X0Y41          FDCE                                         r  PC_UNIT/pc_reg[7]/C
  -------------------------------------------------------------------    -------------------
    SLICE_X0Y41          FDCE (Prop_fdce_C_Q)         0.269     5.029 f  PC_UNIT/pc_reg[7]/Q
                         net (fo=3, routed)           0.612     5.642    PC_UNIT/out[6]
    SLICE_X1Y41          LUT5 (Prop_lut5_I1_O)        0.053     5.695 r  PC_UNIT/instruction_out_OBUF[14]_inst_i_2/O
                         net (fo=23, routed)          0.911     6.606    PC_UNIT/instruction_out_OBUF[14]_inst_i_2_n_0
    SLICE_X0Y27          LUT4 (Prop_lut4_I2_O)        0.062     6.668 r  PC_UNIT/instruction_out_OBUF[8]_inst_i_1/O
                         net (fo=59, routed)          0.748     7.416    RF_UNIT/instruction_out_OBUF[0]
    SLICE_X6Y22          LUT6 (Prop_lut6_I4_O)        0.165     7.581 f  RF_UNIT/alu_result_out_OBUF[1]_inst_i_5/O
                         net (fo=1, routed)           0.549     8.130    PC_UNIT/registers_reg[11][1]
    SLICE_X5Y22          LUT5 (Prop_lut5_I0_O)        0.053     8.183 r  PC_UNIT/alu_result_out_OBUF[1]_inst_i_2/O
                         net (fo=8, routed)           0.466     8.649    PC_UNIT/alu_result_out_OBUF[1]_inst_i_2_n_0
    SLICE_X3Y21          LUT2 (Prop_lut2_I0_O)        0.053     8.702 r  PC_UNIT/alu_result0__45_carry_i_7/O
                         net (fo=1, routed)           0.000     8.702    ALU_UNIT/registers_reg[11][3][1]
    SLICE_X3Y21          CARRY4 (Prop_carry4_S[1]_CO[3])
                                                      0.324     9.026 r  ALU_UNIT/alu_result0__45_carry/CO[3]
                         net (fo=1, routed)           0.000     9.026    ALU_UNIT/alu_result0__45_carry_n_0
    SLICE_X3Y22          CARRY4 (Prop_carry4_CI_O[3])
                                                      0.179     9.205 r  ALU_UNIT/alu_result0__45_carry__0/O[3]
                         net (fo=1, routed)           0.709     9.914    ALU_UNIT/data1[7]
    SLICE_X4Y23          LUT3 (Prop_lut3_I0_O)        0.142    10.056 r  ALU_UNIT/alu_result_out_OBUF[7]_inst_i_4/O
                         net (fo=2, routed)           0.449    10.505    PC_UNIT/pc_reg[2]_2
    SLICE_X5Y23          LUT6 (Prop_lut6_I5_O)        0.053    10.558 r  PC_UNIT/registers[1][7]_i_1/O
                         net (fo=9, routed)           0.544    11.102    RF_UNIT/D[7]
    SLICE_X6Y27          FDCE                                         r  RF_UNIT/registers_reg[6][7]/D
  -------------------------------------------------------------------    -------------------

                         (clock clk rise edge)       10.000    10.000 r  
    P23                                               0.000    10.000 r  clk (IN)
                         net (fo=0)                   0.000    10.000    clk
    P23                  IBUF (Prop_ibuf_I_O)         0.769    10.769 r  clk_IBUF_inst/O
                         net (fo=1, routed)           2.040    12.809    clk_IBUF
    BUFGCTRL_X0Y0        BUFG (Prop_bufg_I_O)         0.113    12.922 r  clk_IBUF_BUFG_inst/O
                         net (fo=159, routed)         1.531    14.453    RF_UNIT/CLK
    SLICE_X6Y27          FDCE                                         r  RF_UNIT/registers_reg[6][7]/C
                         clock pessimism              0.267    14.720    
                         clock uncertainty           -0.035    14.685    
    SLICE_X6Y27          FDCE (Setup_fdce_C_D)       -0.007    14.678    RF_UNIT/registers_reg[6][7]
  -------------------------------------------------------------------
                         required time                         14.678    
                         arrival time                         -11.102    
  -------------------------------------------------------------------
                         slack                                  3.576    

Slack (MET) :             3.586ns  (required time - arrival time)
  Source:                 PC_UNIT/pc_reg[7]/C
                            (rising edge-triggered cell FDCE clocked by clk  {rise@0.000ns fall@5.000ns period=10.000ns})
  Destination:            RF_UNIT/registers_reg[6][15]/D
                            (rising edge-triggered cell FDCE clocked by clk  {rise@0.000ns fall@5.000ns period=10.000ns})
  Path Group:             clk
  Path Type:              Setup (Max at Slow Process Corner)
  Requirement:            10.000ns  (clk rise@10.000ns - clk rise@0.000ns)
  Data Path Delay:        6.308ns  (logic 1.589ns (25.189%)  route 4.719ns (74.811%))
  Logic Levels:           11  (CARRY4=4 LUT2=1 LUT3=1 LUT4=1 LUT5=2 LUT6=2)
  Clock Path Skew:        -0.036ns (DCD - SCD + CPR)
    Destination Clock Delay (DCD):    4.451ns = ( 14.451 - 10.000 ) 
    Source Clock Delay      (SCD):    4.760ns
    Clock Pessimism Removal (CPR):    0.273ns
  Clock Uncertainty:      0.035ns  ((TSJ^2 + TIJ^2)^1/2 + DJ) / 2 + PE
    Total System Jitter     (TSJ):    0.071ns
    Total Input Jitter      (TIJ):    0.000ns
    Discrete Jitter          (DJ):    0.000ns
    Phase Error              (PE):    0.000ns

    Location             Delay type                Incr(ns)  Path(ns)    Netlist Resource(s)
  -------------------------------------------------------------------    -------------------
                         (clock clk rise edge)        0.000     0.000 r  
    P23                                               0.000     0.000 r  clk (IN)
                         net (fo=0)                   0.000     0.000    clk
    P23                  IBUF (Prop_ibuf_I_O)         0.845     0.845 r  clk_IBUF_inst/O
                         net (fo=1, routed)           2.140     2.985    clk_IBUF
    BUFGCTRL_X0Y0        BUFG (Prop_bufg_I_O)         0.120     3.105 r  clk_IBUF_BUFG_inst/O
                         net (fo=159, routed)         1.655     4.760    PC_UNIT/CLK
    SLICE_X0Y41          FDCE                                         r  PC_UNIT/pc_reg[7]/C
  -------------------------------------------------------------------    -------------------
    SLICE_X0Y41          FDCE (Prop_fdce_C_Q)         0.269     5.029 f  PC_UNIT/pc_reg[7]/Q
                         net (fo=3, routed)           0.612     5.642    PC_UNIT/out[6]
    SLICE_X1Y41          LUT5 (Prop_lut5_I1_O)        0.053     5.695 r  PC_UNIT/instruction_out_OBUF[14]_inst_i_2/O
                         net (fo=23, routed)          0.911     6.606    PC_UNIT/instruction_out_OBUF[14]_inst_i_2_n_0
    SLICE_X0Y27          LUT4 (Prop_lut4_I2_O)        0.062     6.668 r  PC_UNIT/instruction_out_OBUF[8]_inst_i_1/O
                         net (fo=59, routed)          0.748     7.416    RF_UNIT/instruction_out_OBUF[0]
    SLICE_X6Y22          LUT6 (Prop_lut6_I4_O)        0.165     7.581 f  RF_UNIT/alu_result_out_OBUF[1]_inst_i_5/O
                         net (fo=1, routed)           0.549     8.130    PC_UNIT/registers_reg[11][1]
    SLICE_X5Y22          LUT5 (Prop_lut5_I0_O)        0.053     8.183 r  PC_UNIT/alu_result_out_OBUF[1]_inst_i_2/O
                         net (fo=8, routed)           0.483     8.666    PC_UNIT/alu_result_out_OBUF[1]_inst_i_2_n_0
    SLICE_X2Y21          LUT2 (Prop_lut2_I0_O)        0.053     8.719 r  PC_UNIT/alu_result0_carry_i_7/O
                         net (fo=1, routed)           0.000     8.719    ALU_UNIT/S[1]
    SLICE_X2Y21          CARRY4 (Prop_carry4_S[1]_CO[3])
                                                      0.310     9.029 r  ALU_UNIT/alu_result0_carry/CO[3]
                         net (fo=1, routed)           0.000     9.029    ALU_UNIT/alu_result0_carry_n_0
    SLICE_X2Y22          CARRY4 (Prop_carry4_CI_CO[3])
                                                      0.060     9.089 r  ALU_UNIT/alu_result0_carry__0/CO[3]
                         net (fo=1, routed)           0.000     9.089    ALU_UNIT/alu_result0_carry__0_n_0
    SLICE_X2Y23          CARRY4 (Prop_carry4_CI_CO[3])
                                                      0.060     9.149 r  ALU_UNIT/alu_result0_carry__1/CO[3]
                         net (fo=1, routed)           0.000     9.149    ALU_UNIT/alu_result0_carry__1_n_0
    SLICE_X2Y24          CARRY4 (Prop_carry4_CI_O[3])
                                                      0.181     9.330 r  ALU_UNIT/alu_result0_carry__2/O[3]
                         net (fo=1, routed)           0.690    10.020    ALU_UNIT/data0[15]
    SLICE_X1Y24          LUT3 (Prop_lut3_I2_O)        0.153    10.173 r  ALU_UNIT/alu_result_out_OBUF[15]_inst_i_6/O
                         net (fo=2, routed)           0.286    10.459    PC_UNIT/pc_reg[2]_8
    SLICE_X2Y25          LUT6 (Prop_lut6_I5_O)        0.170    10.629 r  PC_UNIT/registers[1][15]_i_2/O
                         net (fo=9, routed)           0.439    11.068    RF_UNIT/D[15]
    SLICE_X3Y25          FDCE                                         r  RF_UNIT/registers_reg[6][15]/D
  -------------------------------------------------------------------    -------------------

                         (clock clk rise edge)       10.000    10.000 r  
    P23                                               0.000    10.000 r  clk (IN)
                         net (fo=0)                   0.000    10.000    clk
    P23                  IBUF (Prop_ibuf_I_O)         0.769    10.769 r  clk_IBUF_inst/O
                         net (fo=1, routed)           2.040    12.809    clk_IBUF
    BUFGCTRL_X0Y0        BUFG (Prop_bufg_I_O)         0.113    12.922 r  clk_IBUF_BUFG_inst/O
                         net (fo=159, routed)         1.529    14.451    RF_UNIT/CLK
    SLICE_X3Y25          FDCE                                         r  RF_UNIT/registers_reg[6][15]/C
                         clock pessimism              0.273    14.724    
                         clock uncertainty           -0.035    14.689    
    SLICE_X3Y25          FDCE (Setup_fdce_C_D)       -0.034    14.655    RF_UNIT/registers_reg[6][15]
  -------------------------------------------------------------------
                         required time                         14.655    
                         arrival time                         -11.068    
  -------------------------------------------------------------------
                         slack                                  3.586    





Min Delay Paths
--------------------------------------------------------------------------------------
Slack (MET) :             0.231ns  (arrival time - required time)
  Source:                 PC_UNIT/pc_reg[11]/C
                            (rising edge-triggered cell FDCE clocked by clk  {rise@0.000ns fall@5.000ns period=10.000ns})
  Destination:            PC_UNIT/pc_reg[11]/D
                            (rising edge-triggered cell FDCE clocked by clk  {rise@0.000ns fall@5.000ns period=10.000ns})
  Path Group:             clk
  Path Type:              Hold (Min at Fast Process Corner)
  Requirement:            0.000ns  (clk rise@0.000ns - clk rise@0.000ns)
  Data Path Delay:        0.302ns  (logic 0.179ns (59.198%)  route 0.123ns (40.802%))
  Logic Levels:           1  (CARRY4=1)
  Clock Path Skew:        0.000ns (DCD - SCD - CPR)
    Destination Clock Delay (DCD):    2.169ns
    Source Clock Delay      (SCD):    1.631ns
    Clock Pessimism Removal (CPR):    0.538ns

    Location             Delay type                Incr(ns)  Path(ns)    Netlist Resource(s)
  -------------------------------------------------------------------    -------------------
                         (clock clk rise edge)        0.000     0.000 r  
    P23                                               0.000     0.000 r  clk (IN)
                         net (fo=0)                   0.000     0.000    clk
    P23                  IBUF (Prop_ibuf_I_O)         0.109     0.109 r  clk_IBUF_inst/O
                         net (fo=1, routed)           0.863     0.972    clk_IBUF
    BUFGCTRL_X0Y0        BUFG (Prop_bufg_I_O)         0.026     0.998 r  clk_IBUF_BUFG_inst/O
                         net (fo=159, routed)         0.633     1.631    PC_UNIT/CLK
    SLICE_X0Y42          FDCE                                         r  PC_UNIT/pc_reg[11]/C
  -------------------------------------------------------------------    -------------------
    SLICE_X0Y42          FDCE (Prop_fdce_C_Q)         0.100     1.731 r  PC_UNIT/pc_reg[11]/Q
                         net (fo=2, routed)           0.123     1.854    PC_UNIT/out[10]
    SLICE_X0Y42          CARRY4 (Prop_carry4_S[2]_O[2])
                                                      0.079     1.933 r  PC_UNIT/pc_reg[9]_i_1/O[2]
                         net (fo=1, routed)           0.000     1.933    PC_UNIT/pc_reg[9]_i_1_n_5
    SLICE_X0Y42          FDCE                                         r  PC_UNIT/pc_reg[11]/D
  -------------------------------------------------------------------    -------------------

                         (clock clk rise edge)        0.000     0.000 r  
    P23                                               0.000     0.000 r  clk (IN)
                         net (fo=0)                   0.000     0.000    clk
    P23                  IBUF (Prop_ibuf_I_O)         0.357     0.357 r  clk_IBUF_inst/O
                         net (fo=1, routed)           0.928     1.285    clk_IBUF
    BUFGCTRL_X0Y0        BUFG (Prop_bufg_I_O)         0.030     1.315 r  clk_IBUF_BUFG_inst/O
                         net (fo=159, routed)         0.854     2.169    PC_UNIT/CLK
    SLICE_X0Y42          FDCE                                         r  PC_UNIT/pc_reg[11]/C
                         clock pessimism             -0.538     1.631    
    SLICE_X0Y42          FDCE (Hold_fdce_C_D)         0.071     1.702    PC_UNIT/pc_reg[11]
  -------------------------------------------------------------------
                         required time                         -1.702    
                         arrival time                           1.933    
  -------------------------------------------------------------------
                         slack                                  0.231    

Slack (MET) :             0.233ns  (arrival time - required time)
  Source:                 PC_UNIT/pc_reg[15]/C
                            (rising edge-triggered cell FDCE clocked by clk  {rise@0.000ns fall@5.000ns period=10.000ns})
  Destination:            PC_UNIT/pc_reg[15]/D
                            (rising edge-triggered cell FDCE clocked by clk  {rise@0.000ns fall@5.000ns period=10.000ns})
  Path Group:             clk
  Path Type:              Hold (Min at Fast Process Corner)
  Requirement:            0.000ns  (clk rise@0.000ns - clk rise@0.000ns)
  Data Path Delay:        0.304ns  (logic 0.179ns (58.957%)  route 0.125ns (41.043%))
  Logic Levels:           1  (CARRY4=1)
  Clock Path Skew:        0.000ns (DCD - SCD - CPR)
    Destination Clock Delay (DCD):    2.170ns
    Source Clock Delay      (SCD):    1.632ns
    Clock Pessimism Removal (CPR):    0.538ns

    Location             Delay type                Incr(ns)  Path(ns)    Netlist Resource(s)
  -------------------------------------------------------------------    -------------------
                         (clock clk rise edge)        0.000     0.000 r  
    P23                                               0.000     0.000 r  clk (IN)
                         net (fo=0)                   0.000     0.000    clk
    P23                  IBUF (Prop_ibuf_I_O)         0.109     0.109 r  clk_IBUF_inst/O
                         net (fo=1, routed)           0.863     0.972    clk_IBUF
    BUFGCTRL_X0Y0        BUFG (Prop_bufg_I_O)         0.026     0.998 r  clk_IBUF_BUFG_inst/O
                         net (fo=159, routed)         0.634     1.632    PC_UNIT/CLK
    SLICE_X0Y43          FDCE                                         r  PC_UNIT/pc_reg[15]/C
  -------------------------------------------------------------------    -------------------
    SLICE_X0Y43          FDCE (Prop_fdce_C_Q)         0.100     1.732 r  PC_UNIT/pc_reg[15]/Q
                         net (fo=2, routed)           0.125     1.857    PC_UNIT/out[14]
    SLICE_X0Y43          CARRY4 (Prop_carry4_S[2]_O[2])
                                                      0.079     1.936 r  PC_UNIT/pc_reg[13]_i_1/O[2]
                         net (fo=1, routed)           0.000     1.936    PC_UNIT/pc_reg[13]_i_1_n_5
    SLICE_X0Y43          FDCE                                         r  PC_UNIT/pc_reg[15]/D
  -------------------------------------------------------------------    -------------------

                         (clock clk rise edge)        0.000     0.000 r  
    P23                                               0.000     0.000 r  clk (IN)
                         net (fo=0)                   0.000     0.000    clk
    P23                  IBUF (Prop_ibuf_I_O)         0.357     0.357 r  clk_IBUF_inst/O
                         net (fo=1, routed)           0.928     1.285    clk_IBUF
    BUFGCTRL_X0Y0        BUFG (Prop_bufg_I_O)         0.030     1.315 r  clk_IBUF_BUFG_inst/O
                         net (fo=159, routed)         0.855     2.170    PC_UNIT/CLK
    SLICE_X0Y43          FDCE                                         r  PC_UNIT/pc_reg[15]/C
                         clock pessimism             -0.538     1.632    
    SLICE_X0Y43          FDCE (Hold_fdce_C_D)         0.071     1.703    PC_UNIT/pc_reg[15]
  -------------------------------------------------------------------
                         required time                         -1.703    
                         arrival time                           1.936    
  -------------------------------------------------------------------
                         slack                                  0.233    

Slack (MET) :             0.233ns  (arrival time - required time)
  Source:                 PC_UNIT/pc_reg[3]/C
                            (rising edge-triggered cell FDCE clocked by clk  {rise@0.000ns fall@5.000ns period=10.000ns})
  Destination:            PC_UNIT/pc_reg[3]/D
                            (rising edge-triggered cell FDCE clocked by clk  {rise@0.000ns fall@5.000ns period=10.000ns})
  Path Group:             clk
  Path Type:              Hold (Min at Fast Process Corner)
  Requirement:            0.000ns  (clk rise@0.000ns - clk rise@0.000ns)
  Data Path Delay:        0.304ns  (logic 0.179ns (58.957%)  route 0.125ns (41.043%))
  Logic Levels:           1  (CARRY4=1)
  Clock Path Skew:        0.000ns (DCD - SCD - CPR)
    Destination Clock Delay (DCD):    2.169ns
    Source Clock Delay      (SCD):    1.631ns
    Clock Pessimism Removal (CPR):    0.538ns

    Location             Delay type                Incr(ns)  Path(ns)    Netlist Resource(s)
  -------------------------------------------------------------------    -------------------
                         (clock clk rise edge)        0.000     0.000 r  
    P23                                               0.000     0.000 r  clk (IN)
                         net (fo=0)                   0.000     0.000    clk
    P23                  IBUF (Prop_ibuf_I_O)         0.109     0.109 r  clk_IBUF_inst/O
                         net (fo=1, routed)           0.863     0.972    clk_IBUF
    BUFGCTRL_X0Y0        BUFG (Prop_bufg_I_O)         0.026     0.998 r  clk_IBUF_BUFG_inst/O
                         net (fo=159, routed)         0.633     1.631    PC_UNIT/CLK
    SLICE_X0Y40          FDCE                                         r  PC_UNIT/pc_reg[3]/C
  -------------------------------------------------------------------    -------------------
    SLICE_X0Y40          FDCE (Prop_fdce_C_Q)         0.100     1.731 r  PC_UNIT/pc_reg[3]/Q
                         net (fo=23, routed)          0.125     1.856    PC_UNIT/out[2]
    SLICE_X0Y40          CARRY4 (Prop_carry4_S[2]_O[2])
                                                      0.079     1.935 r  PC_UNIT/pc_reg[1]_i_1/O[2]
                         net (fo=1, routed)           0.000     1.935    PC_UNIT/pc_reg[1]_i_1_n_5
    SLICE_X0Y40          FDCE                                         r  PC_UNIT/pc_reg[3]/D
  -------------------------------------------------------------------    -------------------

                         (clock clk rise edge)        0.000     0.000 r  
    P23                                               0.000     0.000 r  clk (IN)
                         net (fo=0)                   0.000     0.000    clk
    P23                  IBUF (Prop_ibuf_I_O)         0.357     0.357 r  clk_IBUF_inst/O
                         net (fo=1, routed)           0.928     1.285    clk_IBUF
    BUFGCTRL_X0Y0        BUFG (Prop_bufg_I_O)         0.030     1.315 r  clk_IBUF_BUFG_inst/O
                         net (fo=159, routed)         0.854     2.169    PC_UNIT/CLK
    SLICE_X0Y40          FDCE                                         r  PC_UNIT/pc_reg[3]/C
                         clock pessimism             -0.538     1.631    
    SLICE_X0Y40          FDCE (Hold_fdce_C_D)         0.071     1.702    PC_UNIT/pc_reg[3]
  -------------------------------------------------------------------
                         required time                         -1.702    
                         arrival time                           1.935    
  -------------------------------------------------------------------
                         slack                                  0.233    

Slack (MET) :             0.242ns  (arrival time - required time)
  Source:                 PC_UNIT/pc_reg[7]/C
                            (rising edge-triggered cell FDCE clocked by clk  {rise@0.000ns fall@5.000ns period=10.000ns})
  Destination:            PC_UNIT/pc_reg[7]/D
                            (rising edge-triggered cell FDCE clocked by clk  {rise@0.000ns fall@5.000ns period=10.000ns})
  Path Group:             clk
  Path Type:              Hold (Min at Fast Process Corner)
  Requirement:            0.000ns  (clk rise@0.000ns - clk rise@0.000ns)
  Data Path Delay:        0.313ns  (logic 0.179ns (57.262%)  route 0.134ns (42.738%))
  Logic Levels:           1  (CARRY4=1)
  Clock Path Skew:        0.000ns (DCD - SCD - CPR)
    Destination Clock Delay (DCD):    2.169ns
    Source Clock Delay      (SCD):    1.631ns
    Clock Pessimism Removal (CPR):    0.538ns

    Location             Delay type                Incr(ns)  Path(ns)    Netlist Resource(s)
  -------------------------------------------------------------------    -------------------
                         (clock clk rise edge)        0.000     0.000 r  
    P23                                               0.000     0.000 r  clk (IN)
                         net (fo=0)                   0.000     0.000    clk
    P23                  IBUF (Prop_ibuf_I_O)         0.109     0.109 r  clk_IBUF_inst/O
                         net (fo=1, routed)           0.863     0.972    clk_IBUF
    BUFGCTRL_X0Y0        BUFG (Prop_bufg_I_O)         0.026     0.998 r  clk_IBUF_BUFG_inst/O
                         net (fo=159, routed)         0.633     1.631    PC_UNIT/CLK
    SLICE_X0Y41          FDCE                                         r  PC_UNIT/pc_reg[7]/C
  -------------------------------------------------------------------    -------------------
    SLICE_X0Y41          FDCE (Prop_fdce_C_Q)         0.100     1.731 r  PC_UNIT/pc_reg[7]/Q
                         net (fo=3, routed)           0.134     1.865    PC_UNIT/out[6]
    SLICE_X0Y41          CARRY4 (Prop_carry4_S[2]_O[2])
                                                      0.079     1.944 r  PC_UNIT/pc_reg[5]_i_1/O[2]
                         net (fo=1, routed)           0.000     1.944    PC_UNIT/pc_reg[5]_i_1_n_5
    SLICE_X0Y41          FDCE                                         r  PC_UNIT/pc_reg[7]/D
  -------------------------------------------------------------------    -------------------

                         (clock clk rise edge)        0.000     0.000 r  
    P23                                               0.000     0.000 r  clk (IN)
                         net (fo=0)                   0.000     0.000    clk
    P23                  IBUF (Prop_ibuf_I_O)         0.357     0.357 r  clk_IBUF_inst/O
                         net (fo=1, routed)           0.928     1.285    clk_IBUF
    BUFGCTRL_X0Y0        BUFG (Prop_bufg_I_O)         0.030     1.315 r  clk_IBUF_BUFG_inst/O
                         net (fo=159, routed)         0.854     2.169    PC_UNIT/CLK
    SLICE_X0Y41          FDCE                                         r  PC_UNIT/pc_reg[7]/C
                         clock pessimism             -0.538     1.631    
    SLICE_X0Y41          FDCE (Hold_fdce_C_D)         0.071     1.702    PC_UNIT/pc_reg[7]
  -------------------------------------------------------------------
                         required time                         -1.702    
                         arrival time                           1.944    
  -------------------------------------------------------------------
                         slack                                  0.242    

Slack (MET) :             0.255ns  (arrival time - required time)
  Source:                 PC_UNIT/pc_reg[11]/C
                            (rising edge-triggered cell FDCE clocked by clk  {rise@0.000ns fall@5.000ns period=10.000ns})
  Destination:            PC_UNIT/pc_reg[12]/D
                            (rising edge-triggered cell FDCE clocked by clk  {rise@0.000ns fall@5.000ns period=10.000ns})
  Path Group:             clk
  Path Type:              Hold (Min at Fast Process Corner)
  Requirement:            0.000ns  (clk rise@0.000ns - clk rise@0.000ns)
  Data Path Delay:        0.326ns  (logic 0.203ns (62.198%)  route 0.123ns (37.802%))
  Logic Levels:           1  (CARRY4=1)
  Clock Path Skew:        0.000ns (DCD - SCD - CPR)
    Destination Clock Delay (DCD):    2.169ns
    Source Clock Delay      (SCD):    1.631ns
    Clock Pessimism Removal (CPR):    0.538ns

    Location             Delay type                Incr(ns)  Path(ns)    Netlist Resource(s)
  -------------------------------------------------------------------    -------------------
                         (clock clk rise edge)        0.000     0.000 r  
    P23                                               0.000     0.000 r  clk (IN)
                         net (fo=0)                   0.000     0.000    clk
    P23                  IBUF (Prop_ibuf_I_O)         0.109     0.109 r  clk_IBUF_inst/O
                         net (fo=1, routed)           0.863     0.972    clk_IBUF
    BUFGCTRL_X0Y0        BUFG (Prop_bufg_I_O)         0.026     0.998 r  clk_IBUF_BUFG_inst/O
                         net (fo=159, routed)         0.633     1.631    PC_UNIT/CLK
    SLICE_X0Y42          FDCE                                         r  PC_UNIT/pc_reg[11]/C
  -------------------------------------------------------------------    -------------------
    SLICE_X0Y42          FDCE (Prop_fdce_C_Q)         0.100     1.731 r  PC_UNIT/pc_reg[11]/Q
                         net (fo=2, routed)           0.123     1.854    PC_UNIT/out[10]
    SLICE_X0Y42          CARRY4 (Prop_carry4_S[2]_O[3])
                                                      0.103     1.957 r  PC_UNIT/pc_reg[9]_i_1/O[3]
                         net (fo=1, routed)           0.000     1.957    PC_UNIT/pc_reg[9]_i_1_n_4
    SLICE_X0Y42          FDCE                                         r  PC_UNIT/pc_reg[12]/D
  -------------------------------------------------------------------    -------------------

                         (clock clk rise edge)        0.000     0.000 r  
    P23                                               0.000     0.000 r  clk (IN)
                         net (fo=0)                   0.000     0.000    clk
    P23                  IBUF (Prop_ibuf_I_O)         0.357     0.357 r  clk_IBUF_inst/O
                         net (fo=1, routed)           0.928     1.285    clk_IBUF
    BUFGCTRL_X0Y0        BUFG (Prop_bufg_I_O)         0.030     1.315 r  clk_IBUF_BUFG_inst/O
                         net (fo=159, routed)         0.854     2.169    PC_UNIT/CLK
    SLICE_X0Y42          FDCE                                         r  PC_UNIT/pc_reg[12]/C
                         clock pessimism             -0.538     1.631    
    SLICE_X0Y42          FDCE (Hold_fdce_C_D)         0.071     1.702    PC_UNIT/pc_reg[12]
  -------------------------------------------------------------------
                         required time                         -1.702    
                         arrival time                           1.957    
  -------------------------------------------------------------------
                         slack                                  0.255    

Slack (MET) :             0.257ns  (arrival time - required time)
  Source:                 PC_UNIT/pc_reg[3]/C
                            (rising edge-triggered cell FDCE clocked by clk  {rise@0.000ns fall@5.000ns period=10.000ns})
  Destination:            PC_UNIT/pc_reg[4]/D
                            (rising edge-triggered cell FDCE clocked by clk  {rise@0.000ns fall@5.000ns period=10.000ns})
  Path Group:             clk
  Path Type:              Hold (Min at Fast Process Corner)
  Requirement:            0.000ns  (clk rise@0.000ns - clk rise@0.000ns)
  Data Path Delay:        0.328ns  (logic 0.203ns (61.964%)  route 0.125ns (38.036%))
  Logic Levels:           1  (CARRY4=1)
  Clock Path Skew:        0.000ns (DCD - SCD - CPR)
    Destination Clock Delay (DCD):    2.169ns
    Source Clock Delay      (SCD):    1.631ns
    Clock Pessimism Removal (CPR):    0.538ns

    Location             Delay type                Incr(ns)  Path(ns)    Netlist Resource(s)
  -------------------------------------------------------------------    -------------------
                         (clock clk rise edge)        0.000     0.000 r  
    P23                                               0.000     0.000 r  clk (IN)
                         net (fo=0)                   0.000     0.000    clk
    P23                  IBUF (Prop_ibuf_I_O)         0.109     0.109 r  clk_IBUF_inst/O
                         net (fo=1, routed)           0.863     0.972    clk_IBUF
    BUFGCTRL_X0Y0        BUFG (Prop_bufg_I_O)         0.026     0.998 r  clk_IBUF_BUFG_inst/O
                         net (fo=159, routed)         0.633     1.631    PC_UNIT/CLK
    SLICE_X0Y40          FDCE                                         r  PC_UNIT/pc_reg[3]/C
  -------------------------------------------------------------------    -------------------
    SLICE_X0Y40          FDCE (Prop_fdce_C_Q)         0.100     1.731 r  PC_UNIT/pc_reg[3]/Q
                         net (fo=23, routed)          0.125     1.856    PC_UNIT/out[2]
    SLICE_X0Y40          CARRY4 (Prop_carry4_S[2]_O[3])
                                                      0.103     1.959 r  PC_UNIT/pc_reg[1]_i_1/O[3]
                         net (fo=1, routed)           0.000     1.959    PC_UNIT/pc_reg[1]_i_1_n_4
    SLICE_X0Y40          FDCE                                         r  PC_UNIT/pc_reg[4]/D
  -------------------------------------------------------------------    -------------------

                         (clock clk rise edge)        0.000     0.000 r  
    P23                                               0.000     0.000 r  clk (IN)
                         net (fo=0)                   0.000     0.000    clk
    P23                  IBUF (Prop_ibuf_I_O)         0.357     0.357 r  clk_IBUF_inst/O
                         net (fo=1, routed)           0.928     1.285    clk_IBUF
    BUFGCTRL_X0Y0        BUFG (Prop_bufg_I_O)         0.030     1.315 r  clk_IBUF_BUFG_inst/O
                         net (fo=159, routed)         0.854     2.169    PC_UNIT/CLK
    SLICE_X0Y40          FDCE                                         r  PC_UNIT/pc_reg[4]/C
                         clock pessimism             -0.538     1.631    
    SLICE_X0Y40          FDCE (Hold_fdce_C_D)         0.071     1.702    PC_UNIT/pc_reg[4]
  -------------------------------------------------------------------
                         required time                         -1.702    
                         arrival time                           1.959    
  -------------------------------------------------------------------
                         slack                                  0.257    

Slack (MET) :             0.263ns  (arrival time - required time)
  Source:                 PC_UNIT/pc_reg[1]/C
                            (rising edge-triggered cell FDCE clocked by clk  {rise@0.000ns fall@5.000ns period=10.000ns})
  Destination:            PC_UNIT/pc_reg[1]/D
                            (rising edge-triggered cell FDCE clocked by clk  {rise@0.000ns fall@5.000ns period=10.000ns})
  Path Group:             clk
  Path Type:              Hold (Min at Fast Process Corner)
  Requirement:            0.000ns  (clk rise@0.000ns - clk rise@0.000ns)
  Data Path Delay:        0.334ns  (logic 0.183ns (54.808%)  route 0.151ns (45.192%))
  Logic Levels:           2  (CARRY4=1 LUT1=1)
  Clock Path Skew:        0.000ns (DCD - SCD - CPR)
    Destination Clock Delay (DCD):    2.169ns
    Source Clock Delay      (SCD):    1.631ns
    Clock Pessimism Removal (CPR):    0.538ns

    Location             Delay type                Incr(ns)  Path(ns)    Netlist Resource(s)
  -------------------------------------------------------------------    -------------------
                         (clock clk rise edge)        0.000     0.000 r  
    P23                                               0.000     0.000 r  clk (IN)
                         net (fo=0)                   0.000     0.000    clk
    P23                  IBUF (Prop_ibuf_I_O)         0.109     0.109 r  clk_IBUF_inst/O
                         net (fo=1, routed)           0.863     0.972    clk_IBUF
    BUFGCTRL_X0Y0        BUFG (Prop_bufg_I_O)         0.026     0.998 r  clk_IBUF_BUFG_inst/O
                         net (fo=159, routed)         0.633     1.631    PC_UNIT/CLK
    SLICE_X0Y40          FDCE                                         r  PC_UNIT/pc_reg[1]/C
  -------------------------------------------------------------------    -------------------
    SLICE_X0Y40          FDCE (Prop_fdce_C_Q)         0.100     1.731 f  PC_UNIT/pc_reg[1]/Q
                         net (fo=2, routed)           0.151     1.882    PC_UNIT/out[0]
    SLICE_X0Y40          LUT1 (Prop_lut1_I0_O)        0.028     1.910 r  PC_UNIT/pc[1]_i_2/O
                         net (fo=1, routed)           0.000     1.910    PC_UNIT/pc[1]_i_2_n_0
    SLICE_X0Y40          CARRY4 (Prop_carry4_S[0]_O[0])
                                                      0.055     1.965 r  PC_UNIT/pc_reg[1]_i_1/O[0]
                         net (fo=1, routed)           0.000     1.965    PC_UNIT/pc_reg[1]_i_1_n_7
    SLICE_X0Y40          FDCE                                         r  PC_UNIT/pc_reg[1]/D
  -------------------------------------------------------------------    -------------------

                         (clock clk rise edge)        0.000     0.000 r  
    P23                                               0.000     0.000 r  clk (IN)
                         net (fo=0)                   0.000     0.000    clk
    P23                  IBUF (Prop_ibuf_I_O)         0.357     0.357 r  clk_IBUF_inst/O
                         net (fo=1, routed)           0.928     1.285    clk_IBUF
    BUFGCTRL_X0Y0        BUFG (Prop_bufg_I_O)         0.030     1.315 r  clk_IBUF_BUFG_inst/O
                         net (fo=159, routed)         0.854     2.169    PC_UNIT/CLK
    SLICE_X0Y40          FDCE                                         r  PC_UNIT/pc_reg[1]/C
                         clock pessimism             -0.538     1.631    
    SLICE_X0Y40          FDCE (Hold_fdce_C_D)         0.071     1.702    PC_UNIT/pc_reg[1]
  -------------------------------------------------------------------
                         required time                         -1.702    
                         arrival time                           1.965    
  -------------------------------------------------------------------
                         slack                                  0.263    

Slack (MET) :             0.266ns  (arrival time - required time)
  Source:                 PC_UNIT/pc_reg[7]/C
                            (rising edge-triggered cell FDCE clocked by clk  {rise@0.000ns fall@5.000ns period=10.000ns})
  Destination:            PC_UNIT/pc_reg[8]/D
                            (rising edge-triggered cell FDCE clocked by clk  {rise@0.000ns fall@5.000ns period=10.000ns})
  Path Group:             clk
  Path Type:              Hold (Min at Fast Process Corner)
  Requirement:            0.000ns  (clk rise@0.000ns - clk rise@0.000ns)
  Data Path Delay:        0.337ns  (logic 0.203ns (60.309%)  route 0.134ns (39.691%))
  Logic Levels:           1  (CARRY4=1)
  Clock Path Skew:        0.000ns (DCD - SCD - CPR)
    Destination Clock Delay (DCD):    2.169ns
    Source Clock Delay      (SCD):    1.631ns
    Clock Pessimism Removal (CPR):    0.538ns

    Location             Delay type                Incr(ns)  Path(ns)    Netlist Resource(s)
  -------------------------------------------------------------------    -------------------
                         (clock clk rise edge)        0.000     0.000 r  
    P23                                               0.000     0.000 r  clk (IN)
                         net (fo=0)                   0.000     0.000    clk
    P23                  IBUF (Prop_ibuf_I_O)         0.109     0.109 r  clk_IBUF_inst/O
                         net (fo=1, routed)           0.863     0.972    clk_IBUF
    BUFGCTRL_X0Y0        BUFG (Prop_bufg_I_O)         0.026     0.998 r  clk_IBUF_BUFG_inst/O
                         net (fo=159, routed)         0.633     1.631    PC_UNIT/CLK
    SLICE_X0Y41          FDCE                                         r  PC_UNIT/pc_reg[7]/C
  -------------------------------------------------------------------    -------------------
    SLICE_X0Y41          FDCE (Prop_fdce_C_Q)         0.100     1.731 r  PC_UNIT/pc_reg[7]/Q
                         net (fo=3, routed)           0.134     1.865    PC_UNIT/out[6]
    SLICE_X0Y41          CARRY4 (Prop_carry4_S[2]_O[3])
                                                      0.103     1.968 r  PC_UNIT/pc_reg[5]_i_1/O[3]
                         net (fo=1, routed)           0.000     1.968    PC_UNIT/pc_reg[5]_i_1_n_4
    SLICE_X0Y41          FDCE                                         r  PC_UNIT/pc_reg[8]/D
  -------------------------------------------------------------------    -------------------

                         (clock clk rise edge)        0.000     0.000 r  
    P23                                               0.000     0.000 r  clk (IN)
                         net (fo=0)                   0.000     0.000    clk
    P23                  IBUF (Prop_ibuf_I_O)         0.357     0.357 r  clk_IBUF_inst/O
                         net (fo=1, routed)           0.928     1.285    clk_IBUF
    BUFGCTRL_X0Y0        BUFG (Prop_bufg_I_O)         0.030     1.315 r  clk_IBUF_BUFG_inst/O
                         net (fo=159, routed)         0.854     2.169    PC_UNIT/CLK
    SLICE_X0Y41          FDCE                                         r  PC_UNIT/pc_reg[8]/C
                         clock pessimism             -0.538     1.631    
    SLICE_X0Y41          FDCE (Hold_fdce_C_D)         0.071     1.702    PC_UNIT/pc_reg[8]
  -------------------------------------------------------------------
                         required time                         -1.702    
                         arrival time                           1.968    
  -------------------------------------------------------------------
                         slack                                  0.266    

Slack (MET) :             0.282ns  (arrival time - required time)
  Source:                 PC_UNIT/pc_reg[10]/C
                            (rising edge-triggered cell FDCE clocked by clk  {rise@0.000ns fall@5.000ns period=10.000ns})
  Destination:            PC_UNIT/pc_reg[10]/D
                            (rising edge-triggered cell FDCE clocked by clk  {rise@0.000ns fall@5.000ns period=10.000ns})
  Path Group:             clk
  Path Type:              Hold (Min at Fast Process Corner)
  Requirement:            0.000ns  (clk rise@0.000ns - clk rise@0.000ns)
  Data Path Delay:        0.353ns  (logic 0.177ns (50.082%)  route 0.176ns (49.918%))
  Logic Levels:           1  (CARRY4=1)
  Clock Path Skew:        0.000ns (DCD - SCD - CPR)
    Destination Clock Delay (DCD):    2.169ns
    Source Clock Delay      (SCD):    1.631ns
    Clock Pessimism Removal (CPR):    0.538ns

    Location             Delay type                Incr(ns)  Path(ns)    Netlist Resource(s)
  -------------------------------------------------------------------    -------------------
                         (clock clk rise edge)        0.000     0.000 r  
    P23                                               0.000     0.000 r  clk (IN)
                         net (fo=0)                   0.000     0.000    clk
    P23                  IBUF (Prop_ibuf_I_O)         0.109     0.109 r  clk_IBUF_inst/O
                         net (fo=1, routed)           0.863     0.972    clk_IBUF
    BUFGCTRL_X0Y0        BUFG (Prop_bufg_I_O)         0.026     0.998 r  clk_IBUF_BUFG_inst/O
                         net (fo=159, routed)         0.633     1.631    PC_UNIT/CLK
    SLICE_X0Y42          FDCE                                         r  PC_UNIT/pc_reg[10]/C
  -------------------------------------------------------------------    -------------------
    SLICE_X0Y42          FDCE (Prop_fdce_C_Q)         0.100     1.731 r  PC_UNIT/pc_reg[10]/Q
                         net (fo=2, routed)           0.176     1.907    PC_UNIT/out[9]
    SLICE_X0Y42          CARRY4 (Prop_carry4_S[1]_O[1])
                                                      0.077     1.984 r  PC_UNIT/pc_reg[9]_i_1/O[1]
                         net (fo=1, routed)           0.000     1.984    PC_UNIT/pc_reg[9]_i_1_n_6
    SLICE_X0Y42          FDCE                                         r  PC_UNIT/pc_reg[10]/D
  -------------------------------------------------------------------    -------------------

                         (clock clk rise edge)        0.000     0.000 r  
    P23                                               0.000     0.000 r  clk (IN)
                         net (fo=0)                   0.000     0.000    clk
    P23                  IBUF (Prop_ibuf_I_O)         0.357     0.357 r  clk_IBUF_inst/O
                         net (fo=1, routed)           0.928     1.285    clk_IBUF
    BUFGCTRL_X0Y0        BUFG (Prop_bufg_I_O)         0.030     1.315 r  clk_IBUF_BUFG_inst/O
                         net (fo=159, routed)         0.854     2.169    PC_UNIT/CLK
    SLICE_X0Y42          FDCE                                         r  PC_UNIT/pc_reg[10]/C
                         clock pessimism             -0.538     1.631    
    SLICE_X0Y42          FDCE (Hold_fdce_C_D)         0.071     1.702    PC_UNIT/pc_reg[10]
  -------------------------------------------------------------------
                         required time                         -1.702    
                         arrival time                           1.984    
  -------------------------------------------------------------------
                         slack                                  0.282    

Slack (MET) :             0.283ns  (arrival time - required time)
  Source:                 PC_UNIT/pc_reg[13]/C
                            (rising edge-triggered cell FDCE clocked by clk  {rise@0.000ns fall@5.000ns period=10.000ns})
  Destination:            PC_UNIT/pc_reg[13]/D
                            (rising edge-triggered cell FDCE clocked by clk  {rise@0.000ns fall@5.000ns period=10.000ns})
  Path Group:             clk
  Path Type:              Hold (Min at Fast Process Corner)
  Requirement:            0.000ns  (clk rise@0.000ns - clk rise@0.000ns)
  Data Path Delay:        0.354ns  (logic 0.183ns (51.688%)  route 0.171ns (48.312%))
  Logic Levels:           1  (CARRY4=1)
  Clock Path Skew:        0.000ns (DCD - SCD - CPR)
    Destination Clock Delay (DCD):    2.170ns
    Source Clock Delay      (SCD):    1.632ns
    Clock Pessimism Removal (CPR):    0.538ns

    Location             Delay type                Incr(ns)  Path(ns)    Netlist Resource(s)
  -------------------------------------------------------------------    -------------------
                         (clock clk rise edge)        0.000     0.000 r  
    P23                                               0.000     0.000 r  clk (IN)
                         net (fo=0)                   0.000     0.000    clk
    P23                  IBUF (Prop_ibuf_I_O)         0.109     0.109 r  clk_IBUF_inst/O
                         net (fo=1, routed)           0.863     0.972    clk_IBUF
    BUFGCTRL_X0Y0        BUFG (Prop_bufg_I_O)         0.026     0.998 r  clk_IBUF_BUFG_inst/O
                         net (fo=159, routed)         0.634     1.632    PC_UNIT/CLK
    SLICE_X0Y43          FDCE                                         r  PC_UNIT/pc_reg[13]/C
  -------------------------------------------------------------------    -------------------
    SLICE_X0Y43          FDCE (Prop_fdce_C_Q)         0.100     1.732 r  PC_UNIT/pc_reg[13]/Q
                         net (fo=2, routed)           0.171     1.903    PC_UNIT/out[12]
    SLICE_X0Y43          CARRY4 (Prop_carry4_S[0]_O[0])
                                                      0.083     1.986 r  PC_UNIT/pc_reg[13]_i_1/O[0]
                         net (fo=1, routed)           0.000     1.986    PC_UNIT/pc_reg[13]_i_1_n_7
    SLICE_X0Y43          FDCE                                         r  PC_UNIT/pc_reg[13]/D
  -------------------------------------------------------------------    -------------------

                         (clock clk rise edge)        0.000     0.000 r  
    P23                                               0.000     0.000 r  clk (IN)
                         net (fo=0)                   0.000     0.000    clk
    P23                  IBUF (Prop_ibuf_I_O)         0.357     0.357 r  clk_IBUF_inst/O
                         net (fo=1, routed)           0.928     1.285    clk_IBUF
    BUFGCTRL_X0Y0        BUFG (Prop_bufg_I_O)         0.030     1.315 r  clk_IBUF_BUFG_inst/O
                         net (fo=159, routed)         0.855     2.170    PC_UNIT/CLK
    SLICE_X0Y43          FDCE                                         r  PC_UNIT/pc_reg[13]/C
                         clock pessimism             -0.538     1.632    
    SLICE_X0Y43          FDCE (Hold_fdce_C_D)         0.071     1.703    PC_UNIT/pc_reg[13]
  -------------------------------------------------------------------
                         required time                         -1.703    
                         arrival time                           1.986    
  -------------------------------------------------------------------
                         slack                                  0.283    





Pulse Width Checks
--------------------------------------------------------------------------------------
Clock Name:         clk
Waveform(ns):       { 0.000 5.000 }
Period(ns):         10.000
Sources:            { clk }

Check Type        Corner  Lib Pin  Reference Pin  Required(ns)  Actual(ns)  Slack(ns)  Location       Pin
Min Period        n/a     BUFG/I   n/a            1.600         10.000      8.400      BUFGCTRL_X0Y0  clk_IBUF_BUFG_inst/I
Min Period        n/a     FDCE/C   n/a            0.750         10.000      9.250      SLICE_X6Y26    RF_UNIT/registers_reg[11][5]/C
Min Period        n/a     FDCE/C   n/a            0.750         10.000      9.250      SLICE_X5Y27    RF_UNIT/registers_reg[7][9]/C
Min Period        n/a     FDCE/C   n/a            0.750         10.000      9.250      SLICE_X5Y24    RF_UNIT/registers_reg[9][7]/C
Min Period        n/a     FDCE/C   n/a            0.750         10.000      9.250      SLICE_X6Y25    RF_UNIT/registers_reg[10][5]/C
Min Period        n/a     FDCE/C   n/a            0.750         10.000      9.250      SLICE_X7Y20    RF_UNIT/registers_reg[4][6]/C
Min Period        n/a     FDCE/C   n/a            0.700         10.000      9.300      SLICE_X0Y42    PC_UNIT/pc_reg[10]/C
Min Period        n/a     FDCE/C   n/a            0.700         10.000      9.300      SLICE_X0Y42    PC_UNIT/pc_reg[11]/C
Min Period        n/a     FDCE/C   n/a            0.700         10.000      9.300      SLICE_X0Y42    PC_UNIT/pc_reg[12]/C
Min Period        n/a     FDCE/C   n/a            0.700         10.000      9.300      SLICE_X0Y43    PC_UNIT/pc_reg[13]/C
Low Pulse Width   Slow    FDCE/C   n/a            0.400         5.000       4.600      SLICE_X7Y20    RF_UNIT/registers_reg[4][6]/C
Low Pulse Width   Fast    FDCE/C   n/a            0.400         5.000       4.600      SLICE_X6Y26    RF_UNIT/registers_reg[11][5]/C
Low Pulse Width   Fast    FDCE/C   n/a            0.400         5.000       4.600      SLICE_X5Y27    RF_UNIT/registers_reg[7][9]/C
Low Pulse Width   Slow    FDCE/C   n/a            0.400         5.000       4.600      SLICE_X6Y26    RF_UNIT/registers_reg[11][5]/C
Low Pulse Width   Slow    FDCE/C   n/a            0.400         5.000       4.600      SLICE_X5Y27    RF_UNIT/registers_reg[7][9]/C
Low Pulse Width   Fast    FDCE/C   n/a            0.400         5.000       4.600      SLICE_X7Y20    RF_UNIT/registers_reg[4][6]/C
Low Pulse Width   Slow    FDCE/C   n/a            0.400         5.000       4.600      SLICE_X5Y24    RF_UNIT/registers_reg[9][7]/C
Low Pulse Width   Fast    FDCE/C   n/a            0.400         5.000       4.600      SLICE_X5Y24    RF_UNIT/registers_reg[9][7]/C
Low Pulse Width   Slow    FDCE/C   n/a            0.400         5.000       4.600      SLICE_X6Y25    RF_UNIT/registers_reg[10][5]/C
Low Pulse Width   Fast    FDCE/C   n/a            0.400         5.000       4.600      SLICE_X6Y25    RF_UNIT/registers_reg[10][5]/C
High Pulse Width  Slow    FDCE/C   n/a            0.350         5.000       4.650      SLICE_X0Y42    PC_UNIT/pc_reg[10]/C
High Pulse Width  Slow    FDCE/C   n/a            0.350         5.000       4.650      SLICE_X0Y42    PC_UNIT/pc_reg[11]/C
High Pulse Width  Slow    FDCE/C   n/a            0.350         5.000       4.650      SLICE_X0Y42    PC_UNIT/pc_reg[12]/C
High Pulse Width  Slow    FDCE/C   n/a            0.350         5.000       4.650      SLICE_X0Y43    PC_UNIT/pc_reg[13]/C
High Pulse Width  Slow    FDCE/C   n/a            0.350         5.000       4.650      SLICE_X0Y43    PC_UNIT/pc_reg[14]/C
High Pulse Width  Slow    FDCE/C   n/a            0.350         5.000       4.650      SLICE_X0Y43    PC_UNIT/pc_reg[15]/C
High Pulse Width  Slow    FDCE/C   n/a            0.350         5.000       4.650      SLICE_X0Y40    PC_UNIT/pc_reg[1]/C
High Pulse Width  Slow    FDCE/C   n/a            0.350         5.000       4.650      SLICE_X0Y40    PC_UNIT/pc_reg[3]/C
High Pulse Width  Slow    FDCE/C   n/a            0.350         5.000       4.650      SLICE_X0Y40    PC_UNIT/pc_reg[4]/C
High Pulse Width  Slow    FDCE/C   n/a            0.350         5.000       4.650      SLICE_X0Y41    PC_UNIT/pc_reg[5]/C



